[0.000000] (-) TimerEvent: {}
[0.000778] (-) JobUnselected: {'identifier': 'custom_panda_description'}
[0.000795] (-) JobUnselected: {'identifier': 'dynamixel_sdk_custom_interfaces'}
[0.000805] (-) JobUnselected: {'identifier': 'dynamixel_sdk_examples'}
[0.000811] (-) JobUnselected: {'identifier': 'om_gravity_compensation_controller'}
[0.000816] (-) JobUnselected: {'identifier': 'om_joint_trajectory_command_broadcaster'}
[0.000820] (-) JobUnselected: {'identifier': 'om_spring_actuator_controller'}
[0.000825] (-) JobUnselected: {'identifier': 'open_manipulator'}
[0.000829] (-) JobUnselected: {'identifier': 'open_manipulator_collision'}
[0.000834] (-) JobUnselected: {'identifier': 'open_manipulator_description'}
[0.000838] (-) JobUnselected: {'identifier': 'open_manipulator_gui'}
[0.000842] (-) JobUnselected: {'identifier': 'open_manipulator_moveit_config'}
[0.000847] (-) JobUnselected: {'identifier': 'open_manipulator_playground'}
[0.000851] (-) JobUnselected: {'identifier': 'open_manipulator_teleop'}
[0.000856] (dynamixel_interfaces) JobQueued: {'identifier': 'dynamixel_interfaces', 'dependencies': OrderedDict()}
[0.000863] (dynamixel_sdk) JobQueued: {'identifier': 'dynamixel_sdk', 'dependencies': OrderedDict()}
[0.000868] (dynamixel_hardware_interface) JobQueued: {'identifier': 'dynamixel_hardware_interface', 'dependencies': OrderedDict([('dynamixel_interfaces', '/home/etri/ros2_ws/install/dynamixel_interfaces'), ('dynamixel_sdk', '/home/etri/ros2_ws/install/dynamixel_sdk')])}
[0.000875] (open_manipulator_bringup) JobQueued: {'identifier': 'open_manipulator_bringup', 'dependencies': OrderedDict([('dynamixel_interfaces', '/home/etri/ros2_ws/install/dynamixel_interfaces'), ('dynamixel_sdk', '/home/etri/ros2_ws/install/dynamixel_sdk'), ('open_manipulator_description', '/home/etri/ros2_ws/install/open_manipulator_description'), ('dynamixel_hardware_interface', '/home/etri/ros2_ws/install/dynamixel_hardware_interface')])}
[0.000885] (panda_teleop_omy_l100) JobQueued: {'identifier': 'panda_teleop_omy_l100', 'dependencies': OrderedDict([('custom_panda_description', '/home/etri/ros2_ws/install/custom_panda_description'), ('dynamixel_interfaces', '/home/etri/ros2_ws/install/dynamixel_interfaces'), ('dynamixel_sdk', '/home/etri/ros2_ws/install/dynamixel_sdk'), ('open_manipulator_description', '/home/etri/ros2_ws/install/open_manipulator_description'), ('dynamixel_hardware_interface', '/home/etri/ros2_ws/install/dynamixel_hardware_interface'), ('open_manipulator_bringup', '/home/etri/ros2_ws/install/open_manipulator_bringup')])}
[0.000893] (dynamixel_interfaces) JobStarted: {'identifier': 'dynamixel_interfaces'}
[0.003266] (dynamixel_sdk) JobStarted: {'identifier': 'dynamixel_sdk'}
[0.005623] (dynamixel_interfaces) JobProgress: {'identifier': 'dynamixel_interfaces', 'progress': 'cmake'}
[0.009820] (dynamixel_interfaces) JobProgress: {'identifier': 'dynamixel_interfaces', 'progress': 'build'}
[0.009839] (dynamixel_interfaces) Command: {'cmd': ['/usr/bin/cmake', '--build', '/home/etri/ros2_ws/build/dynamixel_interfaces', '--', '-j24', '-l24'], 'cwd': '/home/etri/ros2_ws/build/dynamixel_interfaces', 'env': OrderedDict([('GJS_DEBUG_TOPICS', 'JS ERROR;JS LOG'), ('LESSOPEN', '| /usr/bin/lesspipe %s'), ('VSCODE_CWD', '/home/etri'), ('CURSOR_EXTENSION_HOST_ROLE', 'agent-exec'), ('VSCODE_ESM_ENTRYPOINT', 'vs/workbench/api/node/extensionHostProcess'), ('LANGUAGE', 'ko:en_US:en'), ('USER', 'etri'), ('LC_TIME', 'ko_KR.UTF-8'), ('VSCODE_NLS_CONFIG', '{"userLocale":"ko","osLocale":"ko","resolvedLanguage":"en","defaultMessagesFile":"/usr/share/cursor/resources/app/out/nls.messages.json","locale":"ko","availableLanguages":{}}'), ('CI', '1'), ('VSCODE_HANDLES_UNCAUGHT_ERRORS', 'true'), ('XDG_SESSION_TYPE', 'x11'), ('SHLVL', '0'), ('LD_LIBRARY_PATH', '/home/etri/ros2_ws/install/open_manipulator_collision/lib:/home/etri/ros2_ws/install/om_joint_trajectory_command_broadcaster/lib:/home/etri/ros2_ws/install/dynamixel_hardware_interface/lib:/home/etri/ros2_ws/install/dynamixel_sdk/lib:/home/etri/ros2_ws/install/dynamixel_interfaces/lib:/home/etri/ws_ros2/install/service_interfaces/lib:/opt/ros/humble/opt/rviz_ogre_vendor/lib:/opt/ros/humble/lib/x86_64-linux-gnu:/opt/ros/humble/lib'), ('HOME', '/home/etri'), ('CHROME_DESKTOP', 'cursor.desktop'), ('OLDPWD', '/home/etri/ros2_ws'), ('DESKTOP_SESSION', 'ubuntu'), ('VSCODE_IPC_HOOK', '/run/user/1000/vscode-30070241-2.3.-main.sock'), ('GIO_LAUNCHED_DESKTOP_FILE', '/usr/share/applications/cursor.desktop'), ('ROS_PYTHON_VERSION', '3'), ('GNOME_SHELL_SESSION_MODE', 'ubuntu'), ('GTK_MODULES', 'gail:atk-bridge'), ('LC_MONETARY', 'ko_KR.UTF-8'), ('MANAGERPID', '1861'), ('SYSTEMD_EXEC_PID', '2147'), ('NO_COLOR', '1'), ('DBUS_SESSION_BUS_ADDRESS', 'unix:path=/run/user/1000/bus'), ('GIO_LAUNCHED_DESKTOP_FILE_PID', '5142'), ('VSCODE_CRASH_REPORTER_PROCESS_TYPE', 'extensionHost'), ('COLCON_PREFIX_PATH', '/home/etri/ros2_ws/install:/home/etri/ws_ros2/install'), ('ROS_DISTRO', 'humble'), ('GTK_IM_MODULE', 'ibus'), ('LOGNAME', 'etri'), ('FORCE_COLOR', '0'), ('JOURNAL_STREAM', '8:18509'), ('_', '/usr/bin/colcon'), ('ROS_VERSION', '2'), ('XDG_SESSION_CLASS', 'user'), ('USERNAME', 'etri'), ('TERM', 'dumb'), ('EVERYSPHERE_RIPGREP_PATH', '/usr/share/cursor/resources/app/node_modules/@vscode/ripgrep/bin/rg'), ('GNOME_DESKTOP_SESSION_ID', 'this-is-deprecated'), ('ROS_LOCALHOST_ONLY', '1'), ('WINDOWPATH', '2'), ('PATH', '/opt/ros/humble/bin:/usr/local/sbin:/usr/local/bin:/usr/sbin:/usr/bin:/sbin:/bin:/usr/games:/usr/local/games:/snap/bin:/snap/bin'), ('SESSION_MANAGER', 'local/etri-HP-Z2-Tower-G1i:@/tmp/.ICE-unix/2119,unix/etri-HP-Z2-Tower-G1i:/tmp/.ICE-unix/2119'), ('INVOCATION_ID', '5a99293a9b70420ba5782225baf2f6fe'), ('PAPERSIZE', 'a4'), ('XDG_MENU_PREFIX', 'gnome-'), ('LC_ADDRESS', 'ko_KR.UTF-8'), ('VSCODE_PROCESS_TITLE', 'extension-host (agent-exec) [1-3]'), ('XDG_RUNTIME_DIR', '/run/user/1000'), ('GDK_BACKEND', 'x11'), ('CURSOR_AGENT', '1'), ('DISPLAY', ':1'), ('LANG', 'ko_KR.UTF-8'), ('XDG_CURRENT_DESKTOP', 'Unity'), ('LC_TELEPHONE', 'ko_KR.UTF-8'), ('XMODIFIERS', '@im=ibus'), ('XDG_SESSION_DESKTOP', 'ubuntu'), ('XAUTHORITY', '/run/user/1000/gdm/Xauthority'), ('LS_COLORS', ''), ('CURSOR_TRACE_ID', '292c0dd82b9e4716b7c9a05e3f99dadc'), ('SSH_AGENT_LAUNCHER', 'gnome-keyring'), ('SSH_AUTH_SOCK', '/run/user/1000/keyring/ssh'), ('ROS_DOMAIN_ID', '0'), ('AMENT_PREFIX_PATH', '/home/etri/ros2_ws/install/open_manipulator_teleop:/home/etri/ros2_ws/install/open_manipulator_bringup:/home/etri/ros2_ws/install/open_manipulator_description:/home/etri/ros2_ws/install/open_manipulator_collision:/home/etri/ros2_ws/install/om_joint_trajectory_command_broadcaster:/home/etri/ros2_ws/install/dynamixel_hardware_interface:/home/etri/ros2_ws/install/dynamixel_sdk:/home/etri/ros2_ws/install/dynamixel_interfaces:/home/etri/ros2_ws/install/custom_panda_description:/home/etri/ws_ros2/install/inspire_hand:/home/etri/ws_ros2/install/service_interfaces:/opt/ros/humble'), ('ORIGINAL_XDG_CURRENT_DESKTOP', 'ubuntu:GNOME'), ('SHELL', '/bin/bash'), ('LC_NAME', 'ko_KR.UTF-8'), ('QT_ACCESSIBILITY', '1'), ('GDMSESSION', 'ubuntu'), ('LESSCLOSE', '/usr/bin/lesspipe %s %s'), ('LC_MEASUREMENT', 'ko_KR.UTF-8'), ('GPG_AGENT_INFO', '/run/user/1000/gnupg/S.gpg-agent:0:1'), ('GJS_DEBUG_OUTPUT', 'stderr'), ('LC_IDENTIFICATION', 'ko_KR.UTF-8'), ('QT_IM_MODULE', 'ibus'), ('PWD', '/home/etri/ros2_ws/build/dynamixel_interfaces'), ('LC_ALL', 'en_US.UTF-8'), ('XDG_CONFIG_DIRS', '/etc/xdg/xdg-ubuntu:/etc/xdg'), ('VSCODE_CODE_CACHE_PATH', '/home/etri/.config/Cursor/CachedData/643ba67cd252e2888e296dd0cf34a0c5d7625b90'), ('XDG_DATA_DIRS', '/usr/share/ubuntu:/usr/share/gnome:/usr/local/share/:/usr/share/:/var/lib/snapd/desktop'), ('PYTHONPATH', '/home/etri/ros2_ws/build/open_manipulator_teleop:/home/etri/ros2_ws/install/open_manipulator_teleop/lib/python3.10/site-packages:/home/etri/ros2_ws/build/open_manipulator_bringup:/home/etri/ros2_ws/install/open_manipulator_bringup/lib/python3.10/site-packages:/home/etri/ros2_ws/install/dynamixel_sdk/local/lib/python3.10/dist-packages:/home/etri/ros2_ws/install/dynamixel_interfaces/local/lib/python3.10/dist-packages:/home/etri/ws_ros2/install/service_interfaces/local/lib/python3.10/dist-packages:/opt/ros/humble/lib/python3.10/site-packages:/opt/ros/humble/local/lib/python3.10/dist-packages'), ('LC_NUMERIC', 'ko_KR.UTF-8'), ('LC_PAPER', 'ko_KR.UTF-8'), ('COLCON', '1'), ('_ZO_DOCTOR', '0'), ('CMAKE_PREFIX_PATH', '/home/etri/ros2_ws/install/open_manipulator_description:/home/etri/ros2_ws/install/open_manipulator_collision:/home/etri/ros2_ws/install/om_joint_trajectory_command_broadcaster:/home/etri/ros2_ws/install/dynamixel_hardware_interface:/home/etri/ros2_ws/install/dynamixel_sdk:/home/etri/ros2_ws/install/dynamixel_interfaces:/home/etri/ros2_ws/install/custom_panda_description:/home/etri/ws_ros2/install/inspire_hand:/home/etri/ws_ros2/install/service_interfaces:/home/etri/ros2_ws/install/open_manipulator_teleop:/home/etri/ros2_ws/install/open_manipulator_bringup:/opt/ros/humble'), ('VSCODE_PID', '5142')]), 'shell': False}
[0.010508] (dynamixel_sdk) JobProgress: {'identifier': 'dynamixel_sdk', 'progress': 'cmake'}
[0.010681] (dynamixel_sdk) JobProgress: {'identifier': 'dynamixel_sdk', 'progress': 'build'}
[0.010759] (dynamixel_sdk) Command: {'cmd': ['/usr/bin/cmake', '--build', '/home/etri/ros2_ws/build/dynamixel_sdk', '--', '-j24', '-l24'], 'cwd': '/home/etri/ros2_ws/build/dynamixel_sdk', 'env': OrderedDict([('GJS_DEBUG_TOPICS', 'JS ERROR;JS LOG'), ('LESSOPEN', '| /usr/bin/lesspipe %s'), ('VSCODE_CWD', '/home/etri'), ('CURSOR_EXTENSION_HOST_ROLE', 'agent-exec'), ('VSCODE_ESM_ENTRYPOINT', 'vs/workbench/api/node/extensionHostProcess'), ('LANGUAGE', 'ko:en_US:en'), ('USER', 'etri'), ('LC_TIME', 'ko_KR.UTF-8'), ('VSCODE_NLS_CONFIG', '{"userLocale":"ko","osLocale":"ko","resolvedLanguage":"en","defaultMessagesFile":"/usr/share/cursor/resources/app/out/nls.messages.json","locale":"ko","availableLanguages":{}}'), ('CI', '1'), ('VSCODE_HANDLES_UNCAUGHT_ERRORS', 'true'), ('XDG_SESSION_TYPE', 'x11'), ('SHLVL', '0'), ('LD_LIBRARY_PATH', '/home/etri/ros2_ws/install/open_manipulator_collision/lib:/home/etri/ros2_ws/install/om_joint_trajectory_command_broadcaster/lib:/home/etri/ros2_ws/install/dynamixel_hardware_interface/lib:/home/etri/ros2_ws/install/dynamixel_sdk/lib:/home/etri/ros2_ws/install/dynamixel_interfaces/lib:/home/etri/ws_ros2/install/service_interfaces/lib:/opt/ros/humble/opt/rviz_ogre_vendor/lib:/opt/ros/humble/lib/x86_64-linux-gnu:/opt/ros/humble/lib'), ('HOME', '/home/etri'), ('CHROME_DESKTOP', 'cursor.desktop'), ('OLDPWD', '/home/etri/ros2_ws'), ('DESKTOP_SESSION', 'ubuntu'), ('VSCODE_IPC_HOOK', '/run/user/1000/vscode-30070241-2.3.-main.sock'), ('GIO_LAUNCHED_DESKTOP_FILE', '/usr/share/applications/cursor.desktop'), ('ROS_PYTHON_VERSION', '3'), ('GNOME_SHELL_SESSION_MODE', 'ubuntu'), ('GTK_MODULES', 'gail:atk-bridge'), ('LC_MONETARY', 'ko_KR.UTF-8'), ('MANAGERPID', '1861'), ('SYSTEMD_EXEC_PID', '2147'), ('NO_COLOR', '1'), ('DBUS_SESSION_BUS_ADDRESS', 'unix:path=/run/user/1000/bus'), ('GIO_LAUNCHED_DESKTOP_FILE_PID', '5142'), ('VSCODE_CRASH_REPORTER_PROCESS_TYPE', 'extensionHost'), ('COLCON_PREFIX_PATH', '/home/etri/ros2_ws/install:/home/etri/ws_ros2/install'), ('ROS_DISTRO', 'humble'), ('GTK_IM_MODULE', 'ibus'), ('LOGNAME', 'etri'), ('FORCE_COLOR', '0'), ('JOURNAL_STREAM', '8:18509'), ('_', '/usr/bin/colcon'), ('ROS_VERSION', '2'), ('XDG_SESSION_CLASS', 'user'), ('USERNAME', 'etri'), ('TERM', 'dumb'), ('EVERYSPHERE_RIPGREP_PATH', '/usr/share/cursor/resources/app/node_modules/@vscode/ripgrep/bin/rg'), ('GNOME_DESKTOP_SESSION_ID', 'this-is-deprecated'), ('ROS_LOCALHOST_ONLY', '1'), ('WINDOWPATH', '2'), ('PATH', '/opt/ros/humble/bin:/usr/local/sbin:/usr/local/bin:/usr/sbin:/usr/bin:/sbin:/bin:/usr/games:/usr/local/games:/snap/bin:/snap/bin'), ('SESSION_MANAGER', 'local/etri-HP-Z2-Tower-G1i:@/tmp/.ICE-unix/2119,unix/etri-HP-Z2-Tower-G1i:/tmp/.ICE-unix/2119'), ('INVOCATION_ID', '5a99293a9b70420ba5782225baf2f6fe'), ('PAPERSIZE', 'a4'), ('XDG_MENU_PREFIX', 'gnome-'), ('LC_ADDRESS', 'ko_KR.UTF-8'), ('VSCODE_PROCESS_TITLE', 'extension-host (agent-exec) [1-3]'), ('XDG_RUNTIME_DIR', '/run/user/1000'), ('GDK_BACKEND', 'x11'), ('CURSOR_AGENT', '1'), ('DISPLAY', ':1'), ('LANG', 'ko_KR.UTF-8'), ('XDG_CURRENT_DESKTOP', 'Unity'), ('LC_TELEPHONE', 'ko_KR.UTF-8'), ('XMODIFIERS', '@im=ibus'), ('XDG_SESSION_DESKTOP', 'ubuntu'), ('XAUTHORITY', '/run/user/1000/gdm/Xauthority'), ('LS_COLORS', ''), ('CURSOR_TRACE_ID', '292c0dd82b9e4716b7c9a05e3f99dadc'), ('SSH_AGENT_LAUNCHER', 'gnome-keyring'), ('SSH_AUTH_SOCK', '/run/user/1000/keyring/ssh'), ('ROS_DOMAIN_ID', '0'), ('AMENT_PREFIX_PATH', '/home/etri/ros2_ws/install/open_manipulator_teleop:/home/etri/ros2_ws/install/open_manipulator_bringup:/home/etri/ros2_ws/install/open_manipulator_description:/home/etri/ros2_ws/install/open_manipulator_collision:/home/etri/ros2_ws/install/om_joint_trajectory_command_broadcaster:/home/etri/ros2_ws/install/dynamixel_hardware_interface:/home/etri/ros2_ws/install/dynamixel_sdk:/home/etri/ros2_ws/install/dynamixel_interfaces:/home/etri/ros2_ws/install/custom_panda_description:/home/etri/ws_ros2/install/inspire_hand:/home/etri/ws_ros2/install/service_interfaces:/opt/ros/humble'), ('ORIGINAL_XDG_CURRENT_DESKTOP', 'ubuntu:GNOME'), ('SHELL', '/bin/bash'), ('LC_NAME', 'ko_KR.UTF-8'), ('QT_ACCESSIBILITY', '1'), ('GDMSESSION', 'ubuntu'), ('LESSCLOSE', '/usr/bin/lesspipe %s %s'), ('LC_MEASUREMENT', 'ko_KR.UTF-8'), ('GPG_AGENT_INFO', '/run/user/1000/gnupg/S.gpg-agent:0:1'), ('GJS_DEBUG_OUTPUT', 'stderr'), ('LC_IDENTIFICATION', 'ko_KR.UTF-8'), ('QT_IM_MODULE', 'ibus'), ('PWD', '/home/etri/ros2_ws/build/dynamixel_sdk'), ('LC_ALL', 'en_US.UTF-8'), ('XDG_CONFIG_DIRS', '/etc/xdg/xdg-ubuntu:/etc/xdg'), ('VSCODE_CODE_CACHE_PATH', '/home/etri/.config/Cursor/CachedData/643ba67cd252e2888e296dd0cf34a0c5d7625b90'), ('XDG_DATA_DIRS', '/usr/share/ubuntu:/usr/share/gnome:/usr/local/share/:/usr/share/:/var/lib/snapd/desktop'), ('PYTHONPATH', '/home/etri/ros2_ws/build/open_manipulator_teleop:/home/etri/ros2_ws/install/open_manipulator_teleop/lib/python3.10/site-packages:/home/etri/ros2_ws/build/open_manipulator_bringup:/home/etri/ros2_ws/install/open_manipulator_bringup/lib/python3.10/site-packages:/home/etri/ros2_ws/install/dynamixel_sdk/local/lib/python3.10/dist-packages:/home/etri/ros2_ws/install/dynamixel_interfaces/local/lib/python3.10/dist-packages:/home/etri/ws_ros2/install/service_interfaces/local/lib/python3.10/dist-packages:/opt/ros/humble/lib/python3.10/site-packages:/opt/ros/humble/local/lib/python3.10/dist-packages'), ('LC_NUMERIC', 'ko_KR.UTF-8'), ('LC_PAPER', 'ko_KR.UTF-8'), ('COLCON', '1'), ('_ZO_DOCTOR', '0'), ('CMAKE_PREFIX_PATH', '/home/etri/ros2_ws/install/open_manipulator_description:/home/etri/ros2_ws/install/open_manipulator_collision:/home/etri/ros2_ws/install/om_joint_trajectory_command_broadcaster:/home/etri/ros2_ws/install/dynamixel_hardware_interface:/home/etri/ros2_ws/install/dynamixel_sdk:/home/etri/ros2_ws/install/dynamixel_interfaces:/home/etri/ros2_ws/install/custom_panda_description:/home/etri/ws_ros2/install/inspire_hand:/home/etri/ws_ros2/install/service_interfaces:/home/etri/ros2_ws/install/open_manipulator_teleop:/home/etri/ros2_ws/install/open_manipulator_bringup:/opt/ros/humble'), ('VSCODE_PID', '5142')]), 'shell': False}
[0.031949] (dynamixel_interfaces) StdoutLine: {'line': b'[  1%] Generating C code for ROS interfaces\n'}
[0.036138] (dynamixel_sdk) StdoutLine: {'line': b'Consolidate compiler generated dependencies of target dynamixel_sdk\n'}
[0.038059] (dynamixel_interfaces) StdoutLine: {'line': b'[  3%] Generating C++ code for ROS interfaces\n'}
[0.043021] (dynamixel_sdk) StdoutLine: {'line': b'[  0%] Built target ament_cmake_python_copy_dynamixel_easy_sdk\n'}
[0.043101] (dynamixel_sdk) StdoutLine: {'line': b'[  5%] Built target ament_cmake_python_copy_dynamixel_sdk\n'}
[0.043127] (dynamixel_interfaces) StdoutLine: {'line': b'[  3%] Built target ament_cmake_python_copy_dynamixel_interfaces\n'}
[0.043183] (dynamixel_sdk) StdoutLine: {'line': b'[100%] Built target dynamixel_sdk\n'}
[0.100028] (-) TimerEvent: {}
[0.140724] (dynamixel_sdk) StdoutLine: {'line': b'running egg_info\n'}
[0.140829] (dynamixel_sdk) StdoutLine: {'line': b'running egg_info\n'}
[0.140901] (dynamixel_interfaces) StdoutLine: {'line': b'running egg_info\n'}
[0.140970] (dynamixel_sdk) StdoutLine: {'line': b'writing dynamixel_sdk.egg-info/PKG-INFO\n'}
[0.140998] (dynamixel_sdk) StdoutLine: {'line': b'writing dynamixel_easy_sdk.egg-info/PKG-INFO\n'}
[0.141046] (dynamixel_sdk) StdoutLine: {'line': b'writing dependency_links to dynamixel_easy_sdk.egg-info/dependency_links.txt\n'}
[0.141071] (dynamixel_sdk) StdoutLine: {'line': b'writing dependency_links to dynamixel_sdk.egg-info/dependency_links.txt\n'}
[0.141121] (dynamixel_sdk) StdoutLine: {'line': b'writing top-level names to dynamixel_sdk.egg-info/top_level.txt\n'}
[0.141146] (dynamixel_sdk) StdoutLine: {'line': b'writing top-level names to dynamixel_easy_sdk.egg-info/top_level.txt\n'}
[0.141181] (dynamixel_interfaces) StdoutLine: {'line': b'creating dynamixel_interfaces.egg-info\n'}
[0.141225] (dynamixel_interfaces) StdoutLine: {'line': b'writing dynamixel_interfaces.egg-info/PKG-INFO\n'}
[0.141269] (dynamixel_interfaces) StdoutLine: {'line': b'writing dependency_links to dynamixel_interfaces.egg-info/dependency_links.txt\n'}
[0.141316] (dynamixel_interfaces) StdoutLine: {'line': b'writing top-level names to dynamixel_interfaces.egg-info/top_level.txt\n'}
[0.141388] (dynamixel_interfaces) StdoutLine: {'line': b"writing manifest file 'dynamixel_interfaces.egg-info/SOURCES.txt'\n"}
[0.141921] (dynamixel_sdk) StdoutLine: {'line': b"reading manifest file 'dynamixel_easy_sdk.egg-info/SOURCES.txt'\n"}
[0.141982] (dynamixel_sdk) StdoutLine: {'line': b"reading manifest file 'dynamixel_sdk.egg-info/SOURCES.txt'\n"}
[0.142154] (dynamixel_interfaces) StdoutLine: {'line': b"reading manifest file 'dynamixel_interfaces.egg-info/SOURCES.txt'\n"}
[0.142185] (dynamixel_sdk) StdoutLine: {'line': b"writing manifest file 'dynamixel_easy_sdk.egg-info/SOURCES.txt'\n"}
[0.142229] (dynamixel_sdk) StdoutLine: {'line': b"writing manifest file 'dynamixel_sdk.egg-info/SOURCES.txt'\n"}
[0.142380] (dynamixel_interfaces) StdoutLine: {'line': b"writing manifest file 'dynamixel_interfaces.egg-info/SOURCES.txt'\n"}
[0.158352] (dynamixel_interfaces) StdoutLine: {'line': b'[  3%] Built target ament_cmake_python_build_dynamixel_interfaces_egg\n'}
[0.158500] (dynamixel_sdk) StdoutLine: {'line': b'[100%] Built target ament_cmake_python_build_dynamixel_easy_sdk_egg\n'}
[0.158537] (dynamixel_sdk) StdoutLine: {'line': b'[100%] Built target ament_cmake_python_build_dynamixel_sdk_egg\n'}
[0.165657] (dynamixel_sdk) CommandEnded: {'returncode': 0}
[0.166002] (dynamixel_sdk) JobProgress: {'identifier': 'dynamixel_sdk', 'progress': 'install'}
[0.170229] (dynamixel_sdk) Command: {'cmd': ['/usr/bin/cmake', '--install', '/home/etri/ros2_ws/build/dynamixel_sdk'], 'cwd': '/home/etri/ros2_ws/build/dynamixel_sdk', 'env': OrderedDict([('GJS_DEBUG_TOPICS', 'JS ERROR;JS LOG'), ('LESSOPEN', '| /usr/bin/lesspipe %s'), ('VSCODE_CWD', '/home/etri'), ('CURSOR_EXTENSION_HOST_ROLE', 'agent-exec'), ('VSCODE_ESM_ENTRYPOINT', 'vs/workbench/api/node/extensionHostProcess'), ('LANGUAGE', 'ko:en_US:en'), ('USER', 'etri'), ('LC_TIME', 'ko_KR.UTF-8'), ('VSCODE_NLS_CONFIG', '{"userLocale":"ko","osLocale":"ko","resolvedLanguage":"en","defaultMessagesFile":"/usr/share/cursor/resources/app/out/nls.messages.json","locale":"ko","availableLanguages":{}}'), ('CI', '1'), ('VSCODE_HANDLES_UNCAUGHT_ERRORS', 'true'), ('XDG_SESSION_TYPE', 'x11'), ('SHLVL', '0'), ('LD_LIBRARY_PATH', '/home/etri/ros2_ws/install/open_manipulator_collision/lib:/home/etri/ros2_ws/install/om_joint_trajectory_command_broadcaster/lib:/home/etri/ros2_ws/install/dynamixel_hardware_interface/lib:/home/etri/ros2_ws/install/dynamixel_sdk/lib:/home/etri/ros2_ws/install/dynamixel_interfaces/lib:/home/etri/ws_ros2/install/service_interfaces/lib:/opt/ros/humble/opt/rviz_ogre_vendor/lib:/opt/ros/humble/lib/x86_64-linux-gnu:/opt/ros/humble/lib'), ('HOME', '/home/etri'), ('CHROME_DESKTOP', 'cursor.desktop'), ('OLDPWD', '/home/etri/ros2_ws'), ('DESKTOP_SESSION', 'ubuntu'), ('VSCODE_IPC_HOOK', '/run/user/1000/vscode-30070241-2.3.-main.sock'), ('GIO_LAUNCHED_DESKTOP_FILE', '/usr/share/applications/cursor.desktop'), ('ROS_PYTHON_VERSION', '3'), ('GNOME_SHELL_SESSION_MODE', 'ubuntu'), ('GTK_MODULES', 'gail:atk-bridge'), ('LC_MONETARY', 'ko_KR.UTF-8'), ('MANAGERPID', '1861'), ('SYSTEMD_EXEC_PID', '2147'), ('NO_COLOR', '1'), ('DBUS_SESSION_BUS_ADDRESS', 'unix:path=/run/user/1000/bus'), ('GIO_LAUNCHED_DESKTOP_FILE_PID', '5142'), ('VSCODE_CRASH_REPORTER_PROCESS_TYPE', 'extensionHost'), ('COLCON_PREFIX_PATH', '/home/etri/ros2_ws/install:/home/etri/ws_ros2/install'), ('ROS_DISTRO', 'humble'), ('GTK_IM_MODULE', 'ibus'), ('LOGNAME', 'etri'), ('FORCE_COLOR', '0'), ('JOURNAL_STREAM', '8:18509'), ('_', '/usr/bin/colcon'), ('ROS_VERSION', '2'), ('XDG_SESSION_CLASS', 'user'), ('USERNAME', 'etri'), ('TERM', 'dumb'), ('EVERYSPHERE_RIPGREP_PATH', '/usr/share/cursor/resources/app/node_modules/@vscode/ripgrep/bin/rg'), ('GNOME_DESKTOP_SESSION_ID', 'this-is-deprecated'), ('ROS_LOCALHOST_ONLY', '1'), ('WINDOWPATH', '2'), ('PATH', '/opt/ros/humble/bin:/usr/local/sbin:/usr/local/bin:/usr/sbin:/usr/bin:/sbin:/bin:/usr/games:/usr/local/games:/snap/bin:/snap/bin'), ('SESSION_MANAGER', 'local/etri-HP-Z2-Tower-G1i:@/tmp/.ICE-unix/2119,unix/etri-HP-Z2-Tower-G1i:/tmp/.ICE-unix/2119'), ('INVOCATION_ID', '5a99293a9b70420ba5782225baf2f6fe'), ('PAPERSIZE', 'a4'), ('XDG_MENU_PREFIX', 'gnome-'), ('LC_ADDRESS', 'ko_KR.UTF-8'), ('VSCODE_PROCESS_TITLE', 'extension-host (agent-exec) [1-3]'), ('XDG_RUNTIME_DIR', '/run/user/1000'), ('GDK_BACKEND', 'x11'), ('CURSOR_AGENT', '1'), ('DISPLAY', ':1'), ('LANG', 'ko_KR.UTF-8'), ('XDG_CURRENT_DESKTOP', 'Unity'), ('LC_TELEPHONE', 'ko_KR.UTF-8'), ('XMODIFIERS', '@im=ibus'), ('XDG_SESSION_DESKTOP', 'ubuntu'), ('XAUTHORITY', '/run/user/1000/gdm/Xauthority'), ('LS_COLORS', ''), ('CURSOR_TRACE_ID', '292c0dd82b9e4716b7c9a05e3f99dadc'), ('SSH_AGENT_LAUNCHER', 'gnome-keyring'), ('SSH_AUTH_SOCK', '/run/user/1000/keyring/ssh'), ('ROS_DOMAIN_ID', '0'), ('AMENT_PREFIX_PATH', '/home/etri/ros2_ws/install/open_manipulator_teleop:/home/etri/ros2_ws/install/open_manipulator_bringup:/home/etri/ros2_ws/install/open_manipulator_description:/home/etri/ros2_ws/install/open_manipulator_collision:/home/etri/ros2_ws/install/om_joint_trajectory_command_broadcaster:/home/etri/ros2_ws/install/dynamixel_hardware_interface:/home/etri/ros2_ws/install/dynamixel_sdk:/home/etri/ros2_ws/install/dynamixel_interfaces:/home/etri/ros2_ws/install/custom_panda_description:/home/etri/ws_ros2/install/inspire_hand:/home/etri/ws_ros2/install/service_interfaces:/opt/ros/humble'), ('ORIGINAL_XDG_CURRENT_DESKTOP', 'ubuntu:GNOME'), ('SHELL', '/bin/bash'), ('LC_NAME', 'ko_KR.UTF-8'), ('QT_ACCESSIBILITY', '1'), ('GDMSESSION', 'ubuntu'), ('LESSCLOSE', '/usr/bin/lesspipe %s %s'), ('LC_MEASUREMENT', 'ko_KR.UTF-8'), ('GPG_AGENT_INFO', '/run/user/1000/gnupg/S.gpg-agent:0:1'), ('GJS_DEBUG_OUTPUT', 'stderr'), ('LC_IDENTIFICATION', 'ko_KR.UTF-8'), ('QT_IM_MODULE', 'ibus'), ('PWD', '/home/etri/ros2_ws/build/dynamixel_sdk'), ('LC_ALL', 'en_US.UTF-8'), ('XDG_CONFIG_DIRS', '/etc/xdg/xdg-ubuntu:/etc/xdg'), ('VSCODE_CODE_CACHE_PATH', '/home/etri/.config/Cursor/CachedData/643ba67cd252e2888e296dd0cf34a0c5d7625b90'), ('XDG_DATA_DIRS', '/usr/share/ubuntu:/usr/share/gnome:/usr/local/share/:/usr/share/:/var/lib/snapd/desktop'), ('PYTHONPATH', '/home/etri/ros2_ws/build/open_manipulator_teleop:/home/etri/ros2_ws/install/open_manipulator_teleop/lib/python3.10/site-packages:/home/etri/ros2_ws/build/open_manipulator_bringup:/home/etri/ros2_ws/install/open_manipulator_bringup/lib/python3.10/site-packages:/home/etri/ros2_ws/install/dynamixel_sdk/local/lib/python3.10/dist-packages:/home/etri/ros2_ws/install/dynamixel_interfaces/local/lib/python3.10/dist-packages:/home/etri/ws_ros2/install/service_interfaces/local/lib/python3.10/dist-packages:/opt/ros/humble/lib/python3.10/site-packages:/opt/ros/humble/local/lib/python3.10/dist-packages'), ('LC_NUMERIC', 'ko_KR.UTF-8'), ('LC_PAPER', 'ko_KR.UTF-8'), ('COLCON', '1'), ('_ZO_DOCTOR', '0'), ('CMAKE_PREFIX_PATH', '/home/etri/ros2_ws/install/open_manipulator_description:/home/etri/ros2_ws/install/open_manipulator_collision:/home/etri/ros2_ws/install/om_joint_trajectory_command_broadcaster:/home/etri/ros2_ws/install/dynamixel_hardware_interface:/home/etri/ros2_ws/install/dynamixel_sdk:/home/etri/ros2_ws/install/dynamixel_interfaces:/home/etri/ros2_ws/install/custom_panda_description:/home/etri/ws_ros2/install/inspire_hand:/home/etri/ws_ros2/install/service_interfaces:/home/etri/ros2_ws/install/open_manipulator_teleop:/home/etri/ros2_ws/install/open_manipulator_bringup:/opt/ros/humble'), ('VSCODE_PID', '5142')]), 'shell': False}
[0.174331] (dynamixel_sdk) StdoutLine: {'line': b'-- Install configuration: ""\n'}
[0.174391] (dynamixel_sdk) StdoutLine: {'line': b'-- Installing: /home/etri/ros2_ws/install/dynamixel_sdk/include/\n'}
[0.174421] (dynamixel_sdk) StdoutLine: {'line': b'-- Installing: /home/etri/ros2_ws/install/dynamixel_sdk/include//dynamixel_sdk\n'}
[0.174447] (dynamixel_sdk) StdoutLine: {'line': b'-- Installing: /home/etri/ros2_ws/install/dynamixel_sdk/include//dynamixel_sdk/protocol2_packet_handler.h\n'}
[0.174471] (dynamixel_sdk) StdoutLine: {'line': b'-- Installing: /home/etri/ros2_ws/install/dynamixel_sdk/include//dynamixel_sdk/packet_handler.h\n'}
[0.175117] (dynamixel_sdk) StdoutLine: {'line': b'-- Installing: /home/etri/ros2_ws/install/dynamixel_sdk/include//dynamixel_sdk/group_fast_sync_read.h\n'}
[0.175182] (dynamixel_sdk) StdoutLine: {'line': b'-- Installing: /home/etri/ros2_ws/install/dynamixel_sdk/include//dynamixel_sdk/group_fast_bulk_read.h\n'}
[0.175210] (dynamixel_sdk) StdoutLine: {'line': b'-- Installing: /home/etri/ros2_ws/install/dynamixel_sdk/include//dynamixel_sdk/port_handler_arduino.h\n'}
[0.175232] (dynamixel_sdk) StdoutLine: {'line': b'-- Installing: /home/etri/ros2_ws/install/dynamixel_sdk/include//dynamixel_sdk/group_sync_read.h\n'}
[0.175254] (dynamixel_sdk) StdoutLine: {'line': b'-- Installing: /home/etri/ros2_ws/install/dynamixel_sdk/include//dynamixel_sdk/group_sync_write.h\n'}
[0.175274] (dynamixel_sdk) StdoutLine: {'line': b'-- Installing: /home/etri/ros2_ws/install/dynamixel_sdk/include//dynamixel_sdk/protocol1_packet_handler.h\n'}
[0.175293] (dynamixel_sdk) StdoutLine: {'line': b'-- Installing: /home/etri/ros2_ws/install/dynamixel_sdk/include//dynamixel_sdk/port_handler_mac.h\n'}
[0.175312] (dynamixel_sdk) StdoutLine: {'line': b'-- Installing: /home/etri/ros2_ws/install/dynamixel_sdk/include//dynamixel_sdk/port_handler_windows.h\n'}
[0.175330] (dynamixel_sdk) StdoutLine: {'line': b'-- Installing: /home/etri/ros2_ws/install/dynamixel_sdk/include//dynamixel_sdk/port_handler.h\n'}
[0.175348] (dynamixel_sdk) StdoutLine: {'line': b'-- Installing: /home/etri/ros2_ws/install/dynamixel_sdk/include//dynamixel_sdk/group_bulk_read.h\n'}
[0.175365] (dynamixel_sdk) StdoutLine: {'line': b'-- Installing: /home/etri/ros2_ws/install/dynamixel_sdk/include//dynamixel_sdk/group_handler.h\n'}
[0.175382] (dynamixel_sdk) StdoutLine: {'line': b'-- Installing: /home/etri/ros2_ws/install/dynamixel_sdk/include//dynamixel_sdk/dynamixel_sdk.h\n'}
[0.175398] (dynamixel_sdk) StdoutLine: {'line': b'-- Installing: /home/etri/ros2_ws/install/dynamixel_sdk/include//dynamixel_sdk/port_handler_linux.h\n'}
[0.175414] (dynamixel_sdk) StdoutLine: {'line': b'-- Installing: /home/etri/ros2_ws/install/dynamixel_sdk/include//dynamixel_sdk/group_bulk_write.h\n'}
[0.175430] (dynamixel_sdk) StdoutLine: {'line': b'-- Installing: /home/etri/ros2_ws/install/dynamixel_sdk/include//dynamixel_easy_sdk\n'}
[0.175451] (dynamixel_sdk) StdoutLine: {'line': b'-- Installing: /home/etri/ros2_ws/install/dynamixel_sdk/include//dynamixel_easy_sdk/data_types.hpp\n'}
[0.175467] (dynamixel_sdk) StdoutLine: {'line': b'-- Installing: /home/etri/ros2_ws/install/dynamixel_sdk/include//dynamixel_easy_sdk/motor.hpp\n'}
[0.175484] (dynamixel_sdk) StdoutLine: {'line': b'-- Installing: /home/etri/ros2_ws/install/dynamixel_sdk/include//dynamixel_easy_sdk/control_table.hpp\n'}
[0.175500] (dynamixel_sdk) StdoutLine: {'line': b'-- Installing: /home/etri/ros2_ws/install/dynamixel_sdk/include//dynamixel_easy_sdk/group_executor.hpp\n'}
[0.175516] (dynamixel_sdk) StdoutLine: {'line': b'-- Installing: /home/etri/ros2_ws/install/dynamixel_sdk/include//dynamixel_easy_sdk/connector.hpp\n'}
[0.175535] (dynamixel_sdk) StdoutLine: {'line': b'-- Installing: /home/etri/ros2_ws/install/dynamixel_sdk/include//dynamixel_easy_sdk/dynamixel_easy_sdk.hpp\n'}
[0.175553] (dynamixel_sdk) StdoutLine: {'line': b'-- Installing: /home/etri/ros2_ws/install/dynamixel_sdk/include//dynamixel_easy_sdk/dynamixel_error.hpp\n'}
[0.175570] (dynamixel_sdk) StdoutLine: {'line': b'-- Installing: /home/etri/ros2_ws/install/dynamixel_sdk/lib/libdynamixel_sdk.so\n'}
[0.175624] (dynamixel_sdk) StdoutLine: {'line': b'-- Installing: /home/etri/ros2_ws/install/dynamixel_sdk/share/dynamixel_sdk/control_table\n'}
[0.175665] (dynamixel_sdk) StdoutLine: {'line': b'-- Installing: /home/etri/ros2_ws/install/dynamixel_sdk/share/dynamixel_sdk/control_table/xc330_m181_fw52.model\n'}
[0.175687] (dynamixel_sdk) StdoutLine: {'line': b'-- Installing: /home/etri/ros2_ws/install/dynamixel_sdk/share/dynamixel_sdk/control_table/ph54_100_s500.model\n'}
[0.175706] (dynamixel_sdk) StdoutLine: {'line': b'-- Installing: /home/etri/ros2_ws/install/dynamixel_sdk/share/dynamixel_sdk/control_table/xc430_w240.model\n'}
[0.175755] (dynamixel_sdk) StdoutLine: {'line': b'-- Installing: /home/etri/ros2_ws/install/dynamixel_sdk/share/dynamixel_sdk/control_table/pm42_010_s260.model\n'}
[0.175813] (dynamixel_sdk) StdoutLine: {'line': b'-- Installing: /home/etri/ros2_ws/install/dynamixel_sdk/share/dynamixel_sdk/control_table/xh430_v350.model\n'}
[0.175832] (dynamixel_sdk) StdoutLine: {'line': b'-- Installing: /home/etri/ros2_ws/install/dynamixel_sdk/share/dynamixel_sdk/control_table/xm540_w150.model\n'}
[0.175848] (dynamixel_sdk) StdoutLine: {'line': b'-- Installing: /home/etri/ros2_ws/install/dynamixel_sdk/share/dynamixel_sdk/control_table/m54_60_s250_ra.model\n'}
[0.175863] (dynamixel_sdk) StdoutLine: {'line': b'-- Installing: /home/etri/ros2_ws/install/dynamixel_sdk/share/dynamixel_sdk/control_table/ym070_210_r099.model\n'}
[0.175878] (dynamixel_sdk) StdoutLine: {'line': b'-- Installing: /home/etri/ros2_ws/install/dynamixel_sdk/share/dynamixel_sdk/control_table/ym070_210_a051.model\n'}
[0.175893] (dynamixel_sdk) StdoutLine: {'line': b'-- Installing: /home/etri/ros2_ws/install/dynamixel_sdk/share/dynamixel_sdk/control_table/ym080_230_a051.model\n'}
[0.175950] (dynamixel_sdk) StdoutLine: {'line': b'-- Installing: /home/etri/ros2_ws/install/dynamixel_sdk/share/dynamixel_sdk/control_table/xc330_m181.model\n'}
[0.175999] (dynamixel_sdk) StdoutLine: {'line': b'-- Installing: /home/etri/ros2_ws/install/dynamixel_sdk/share/dynamixel_sdk/control_table/xw430_t333.model\n'}
[0.176020] (dynamixel_sdk) StdoutLine: {'line': b'-- Installing: /home/etri/ros2_ws/install/dynamixel_sdk/share/dynamixel_sdk/control_table/xc330_m288.model\n'}
[0.176068] (dynamixel_sdk) StdoutLine: {'line': b'-- Installing: /home/etri/ros2_ws/install/dynamixel_sdk/share/dynamixel_sdk/control_table/mx_28.model\n'}
[0.176089] (dynamixel_sdk) StdoutLine: {'line': b'-- Installing: /home/etri/ros2_ws/install/dynamixel_sdk/share/dynamixel_sdk/control_table/xw540_t140.model\n'}
[0.176107] (dynamixel_sdk) StdoutLine: {'line': b'-- Installing: /home/etri/ros2_ws/install/dynamixel_sdk/share/dynamixel_sdk/control_table/m54_40_s250_ra.model\n'}
[0.176157] (dynamixel_sdk) StdoutLine: {'line': b'-- Installing: /home/etri/ros2_ws/install/dynamixel_sdk/share/dynamixel_sdk/control_table/xl330_m288.model\n'}
[0.176179] (dynamixel_sdk) StdoutLine: {'line': b'-- Installing: /home/etri/ros2_ws/install/dynamixel_sdk/share/dynamixel_sdk/control_table/ym070_210_m001.model\n'}
[0.176198] (dynamixel_sdk) StdoutLine: {'line': b'-- Installing: /home/etri/ros2_ws/install/dynamixel_sdk/share/dynamixel_sdk/control_table/pm54_040_s250.model\n'}
[0.176216] (dynamixel_sdk) StdoutLine: {'line': b'-- Installing: /home/etri/ros2_ws/install/dynamixel_sdk/share/dynamixel_sdk/control_table/xc330_t288.model\n'}
[0.176265] (dynamixel_sdk) StdoutLine: {'line': b'-- Installing: /home/etri/ros2_ws/install/dynamixel_sdk/share/dynamixel_sdk/control_table/xh540_w270.model\n'}
[0.176285] (dynamixel_sdk) StdoutLine: {'line': b'-- Installing: /home/etri/ros2_ws/install/dynamixel_sdk/share/dynamixel_sdk/control_table/xc330_t288_fw52.model\n'}
[0.176322] (dynamixel_sdk) StdoutLine: {'line': b'-- Installing: /home/etri/ros2_ws/install/dynamixel_sdk/share/dynamixel_sdk/control_table/xh430_w210.model\n'}
[0.176338] (dynamixel_sdk) StdoutLine: {'line': b'-- Installing: /home/etri/ros2_ws/install/dynamixel_sdk/share/dynamixel_sdk/control_table/xm540_w270.model\n'}
[0.176354] (dynamixel_sdk) StdoutLine: {'line': b'-- Installing: /home/etri/ros2_ws/install/dynamixel_sdk/share/dynamixel_sdk/control_table/xl320.model\n'}
[0.176411] (dynamixel_sdk) StdoutLine: {'line': b'-- Installing: /home/etri/ros2_ws/install/dynamixel_sdk/share/dynamixel_sdk/control_table/m42_10_s260_ra.model\n'}
[0.176451] (dynamixel_sdk) StdoutLine: {'line': b'-- Installing: /home/etri/ros2_ws/install/dynamixel_sdk/share/dynamixel_sdk/control_table/h54_100_s500_ra.model\n'}
[0.176541] (dynamixel_sdk) StdoutLine: {'line': b'-- Installing: /home/etri/ros2_ws/install/dynamixel_sdk/share/dynamixel_sdk/control_table/dynamixel.model\n'}
[0.176591] (dynamixel_sdk) StdoutLine: {'line': b'-- Installing: /home/etri/ros2_ws/install/dynamixel_sdk/share/dynamixel_sdk/control_table/xl330_m077_fw52.model\n'}
[0.176611] (dynamixel_sdk) StdoutLine: {'line': b'-- Installing: /home/etri/ros2_ws/install/dynamixel_sdk/share/dynamixel_sdk/control_table/xd430_t350.model\n'}
[0.176661] (dynamixel_sdk) StdoutLine: {'line': b'-- Installing: /home/etri/ros2_ws/install/dynamixel_sdk/share/dynamixel_sdk/control_table/ym070_210_a099.model\n'}
[0.176680] (dynamixel_sdk) StdoutLine: {'line': b'-- Installing: /home/etri/ros2_ws/install/dynamixel_sdk/share/dynamixel_sdk/control_table/xw430_t200.model\n'}
[0.176699] (dynamixel_sdk) StdoutLine: {'line': b'-- Installing: /home/etri/ros2_ws/install/dynamixel_sdk/share/dynamixel_sdk/control_table/ph54_200_s500.model\n'}
[0.176740] (dynamixel_sdk) StdoutLine: {'line': b'-- Installing: /home/etri/ros2_ws/install/dynamixel_sdk/share/dynamixel_sdk/control_table/xw540_h260.model\n'}
[0.176759] (dynamixel_sdk) StdoutLine: {'line': b'-- Installing: /home/etri/ros2_ws/install/dynamixel_sdk/share/dynamixel_sdk/control_table/mx_106.model\n'}
[0.176778] (dynamixel_sdk) StdoutLine: {'line': b'-- Installing: /home/etri/ros2_ws/install/dynamixel_sdk/share/dynamixel_sdk/control_table/xm430_w350.model\n'}
[0.176823] (dynamixel_sdk) StdoutLine: {'line': b'-- Installing: /home/etri/ros2_ws/install/dynamixel_sdk/share/dynamixel_sdk/control_table/ym080_230_a099.model\n'}
[0.176846] (dynamixel_sdk) StdoutLine: {'line': b'-- Installing: /home/etri/ros2_ws/install/dynamixel_sdk/share/dynamixel_sdk/control_table/2xc430_w250.model\n'}
[0.176865] (dynamixel_sdk) StdoutLine: {'line': b'-- Installing: /home/etri/ros2_ws/install/dynamixel_sdk/share/dynamixel_sdk/control_table/ym070_210_b001.model\n'}
[0.176899] (dynamixel_sdk) StdoutLine: {'line': b'-- Installing: /home/etri/ros2_ws/install/dynamixel_sdk/share/dynamixel_sdk/control_table/xd540_t270.model\n'}
[0.176950] (dynamixel_sdk) StdoutLine: {'line': b'-- Installing: /home/etri/ros2_ws/install/dynamixel_sdk/share/dynamixel_sdk/control_table/pm54_060_s250.model\n'}
[0.176972] (dynamixel_sdk) StdoutLine: {'line': b'-- Installing: /home/etri/ros2_ws/install/dynamixel_sdk/share/dynamixel_sdk/control_table/xh540_w150.model\n'}
[0.177025] (dynamixel_sdk) StdoutLine: {'line': b'-- Installing: /home/etri/ros2_ws/install/dynamixel_sdk/share/dynamixel_sdk/control_table/ym080_230_b001.model\n'}
[0.177045] (dynamixel_sdk) StdoutLine: {'line': b'-- Installing: /home/etri/ros2_ws/install/dynamixel_sdk/share/dynamixel_sdk/control_table/xh540_v150.model\n'}
[0.177064] (dynamixel_sdk) StdoutLine: {'line': b'-- Installing: /home/etri/ros2_ws/install/dynamixel_sdk/share/dynamixel_sdk/control_table/ym080_230_r099.model\n'}
[0.177082] (dynamixel_sdk) StdoutLine: {'line': b'-- Installing: /home/etri/ros2_ws/install/dynamixel_sdk/share/dynamixel_sdk/control_table/xh430_w350.model\n'}
[0.177099] (dynamixel_sdk) StdoutLine: {'line': b'-- Installing: /home/etri/ros2_ws/install/dynamixel_sdk/share/dynamixel_sdk/control_table/ym080_230_m001.model\n'}
[0.177150] (dynamixel_sdk) StdoutLine: {'line': b'-- Installing: /home/etri/ros2_ws/install/dynamixel_sdk/share/dynamixel_sdk/control_table/xl330_m077.model\n'}
[0.177169] (dynamixel_sdk) StdoutLine: {'line': b'-- Installing: /home/etri/ros2_ws/install/dynamixel_sdk/share/dynamixel_sdk/control_table/h54_200_s500_ra.model\n'}
[0.177188] (dynamixel_sdk) StdoutLine: {'line': b'-- Installing: /home/etri/ros2_ws/install/dynamixel_sdk/share/dynamixel_sdk/control_table/xc430_w150.model\n'}
[0.177206] (dynamixel_sdk) StdoutLine: {'line': b'-- Installing: /home/etri/ros2_ws/install/dynamixel_sdk/share/dynamixel_sdk/control_table/ym070_210_r051.model\n'}
[0.177224] (dynamixel_sdk) StdoutLine: {'line': b'-- Installing: /home/etri/ros2_ws/install/dynamixel_sdk/share/dynamixel_sdk/control_table/xl330_m288_fw52.model\n'}
[0.177241] (dynamixel_sdk) StdoutLine: {'line': b'-- Installing: /home/etri/ros2_ws/install/dynamixel_sdk/share/dynamixel_sdk/control_table/ym080_230_r051.model\n'}
[0.177304] (dynamixel_sdk) StdoutLine: {'line': b'-- Installing: /home/etri/ros2_ws/install/dynamixel_sdk/share/dynamixel_sdk/control_table/xl430_w250.model\n'}
[0.177326] (dynamixel_sdk) StdoutLine: {'line': b'-- Installing: /home/etri/ros2_ws/install/dynamixel_sdk/share/dynamixel_sdk/control_table/xh430_v210.model\n'}
[0.177345] (dynamixel_sdk) StdoutLine: {'line': b'-- Installing: /home/etri/ros2_ws/install/dynamixel_sdk/share/dynamixel_sdk/control_table/ph42_020_s300.model\n'}
[0.177364] (dynamixel_sdk) StdoutLine: {'line': b'-- Installing: /home/etri/ros2_ws/install/dynamixel_sdk/share/dynamixel_sdk/control_table/mx_64.model\n'}
[0.177383] (dynamixel_sdk) StdoutLine: {'line': b'-- Installing: /home/etri/ros2_ws/install/dynamixel_sdk/share/dynamixel_sdk/control_table/xc330_t181_fw52.model\n'}
[0.177400] (dynamixel_sdk) StdoutLine: {'line': b'-- Installing: /home/etri/ros2_ws/install/dynamixel_sdk/share/dynamixel_sdk/control_table/h42_20_s300_ra.model\n'}
[0.177418] (dynamixel_sdk) StdoutLine: {'line': b'-- Installing: /home/etri/ros2_ws/install/dynamixel_sdk/share/dynamixel_sdk/control_table/xm430_w210.model\n'}
[0.177473] (dynamixel_sdk) StdoutLine: {'line': b'-- Installing: /home/etri/ros2_ws/install/dynamixel_sdk/share/dynamixel_sdk/control_table/xw540_t260.model\n'}
[0.177493] (dynamixel_sdk) StdoutLine: {'line': b'-- Installing: /home/etri/ros2_ws/install/dynamixel_sdk/share/dynamixel_sdk/control_table/xh540_v270.model\n'}
[0.177530] (dynamixel_sdk) StdoutLine: {'line': b'-- Installing: /home/etri/ros2_ws/install/dynamixel_sdk/share/dynamixel_sdk/control_table/xc330_m288_fw52.model\n'}
[0.177549] (dynamixel_sdk) StdoutLine: {'line': b'-- Installing: /home/etri/ros2_ws/install/dynamixel_sdk/share/dynamixel_sdk/control_table/xc330_t181.model\n'}
[0.177568] (dynamixel_sdk) StdoutLine: {'line': b'-- Installing: /home/etri/ros2_ws/install/dynamixel_sdk/share/dynamixel_sdk/control_table/xd430_t210.model\n'}
[0.177586] (dynamixel_sdk) StdoutLine: {'line': b'-- Installing: /home/etri/ros2_ws/install/dynamixel_sdk/share/dynamixel_sdk/control_table/2xl430_w250.model\n'}
[0.177604] (dynamixel_sdk) StdoutLine: {'line': b'-- Installing: /home/etri/ros2_ws/install/dynamixel_sdk/share/dynamixel_sdk/control_table/rh_p12_rn.model\n'}
[0.177622] (dynamixel_sdk) StdoutLine: {'line': b'-- Installing: /home/etri/ros2_ws/install/dynamixel_sdk/share/dynamixel_sdk/control_table/xd540_t150.model\n'}
[0.177668] (dynamixel_sdk) StdoutLine: {'line': b'-- Installing: /home/etri/ros2_ws/install/dynamixel_sdk/share/dynamixel_sdk/environment/pythonpath.sh\n'}
[0.177689] (dynamixel_sdk) StdoutLine: {'line': b'-- Installing: /home/etri/ros2_ws/install/dynamixel_sdk/share/dynamixel_sdk/environment/pythonpath.dsv\n'}
[0.177707] (dynamixel_sdk) StdoutLine: {'line': b'-- Installing: /home/etri/ros2_ws/install/dynamixel_sdk/local/lib/python3.10/dist-packages/dynamixel_sdk-4.0.3-py3.10.egg-info\n'}
[0.177754] (dynamixel_sdk) StdoutLine: {'line': b'-- Installing: /home/etri/ros2_ws/install/dynamixel_sdk/local/lib/python3.10/dist-packages/dynamixel_sdk-4.0.3-py3.10.egg-info/SOURCES.txt\n'}
[0.177776] (dynamixel_sdk) StdoutLine: {'line': b'-- Installing: /home/etri/ros2_ws/install/dynamixel_sdk/local/lib/python3.10/dist-packages/dynamixel_sdk-4.0.3-py3.10.egg-info/PKG-INFO\n'}
[0.177795] (dynamixel_sdk) StdoutLine: {'line': b'-- Installing: /home/etri/ros2_ws/install/dynamixel_sdk/local/lib/python3.10/dist-packages/dynamixel_sdk-4.0.3-py3.10.egg-info/top_level.txt\n'}
[0.177816] (dynamixel_sdk) StdoutLine: {'line': b'-- Installing: /home/etri/ros2_ws/install/dynamixel_sdk/local/lib/python3.10/dist-packages/dynamixel_sdk-4.0.3-py3.10.egg-info/dependency_links.txt\n'}
[0.177859] (dynamixel_sdk) StdoutLine: {'line': b'-- Installing: /home/etri/ros2_ws/install/dynamixel_sdk/local/lib/python3.10/dist-packages/dynamixel_sdk\n'}
[0.177880] (dynamixel_sdk) StdoutLine: {'line': b'-- Installing: /home/etri/ros2_ws/install/dynamixel_sdk/local/lib/python3.10/dist-packages/dynamixel_sdk/protocol2_packet_handler.cpp\n'}
[0.177899] (dynamixel_sdk) StdoutLine: {'line': b'-- Installing: /home/etri/ros2_ws/install/dynamixel_sdk/local/lib/python3.10/dist-packages/dynamixel_sdk/group_sync_read.py\n'}
[0.177957] (dynamixel_sdk) StdoutLine: {'line': b'-- Installing: /home/etri/ros2_ws/install/dynamixel_sdk/local/lib/python3.10/dist-packages/dynamixel_sdk/packet_handler.cpp\n'}
[0.177977] (dynamixel_sdk) StdoutLine: {'line': b'-- Installing: /home/etri/ros2_ws/install/dynamixel_sdk/local/lib/python3.10/dist-packages/dynamixel_sdk/port_handler_linux.cpp\n'}
[0.177995] (dynamixel_sdk) StdoutLine: {'line': b'-- Installing: /home/etri/ros2_ws/install/dynamixel_sdk/local/lib/python3.10/dist-packages/dynamixel_sdk/__init__.py\n'}
[0.178013] (dynamixel_sdk) StdoutLine: {'line': b'-- Installing: /home/etri/ros2_ws/install/dynamixel_sdk/local/lib/python3.10/dist-packages/dynamixel_sdk/group_bulk_read.cpp\n'}
[0.178055] (dynamixel_sdk) StdoutLine: {'line': b'-- Installing: /home/etri/ros2_ws/install/dynamixel_sdk/local/lib/python3.10/dist-packages/dynamixel_sdk/protocol1_packet_handler.py\n'}
[0.178076] (dynamixel_sdk) StdoutLine: {'line': b'-- Installing: /home/etri/ros2_ws/install/dynamixel_sdk/local/lib/python3.10/dist-packages/dynamixel_sdk/port_handler.py\n'}
[0.178094] (dynamixel_sdk) StdoutLine: {'line': b'-- Installing: /home/etri/ros2_ws/install/dynamixel_sdk/local/lib/python3.10/dist-packages/dynamixel_sdk/group_bulk_write.cpp\n'}
[0.178112] (dynamixel_sdk) StdoutLine: {'line': b'-- Installing: /home/etri/ros2_ws/install/dynamixel_sdk/local/lib/python3.10/dist-packages/dynamixel_sdk/port_handler_mac.cpp\n'}
[0.178152] (dynamixel_sdk) StdoutLine: {'line': b'-- Installing: /home/etri/ros2_ws/install/dynamixel_sdk/local/lib/python3.10/dist-packages/dynamixel_sdk/group_sync_read.cpp\n'}
[0.178173] (dynamixel_sdk) StdoutLine: {'line': b'-- Installing: /home/etri/ros2_ws/install/dynamixel_sdk/local/lib/python3.10/dist-packages/dynamixel_sdk/port_handler_arduino.cpp\n'}
[0.178191] (dynamixel_sdk) StdoutLine: {'line': b'-- Installing: /home/etri/ros2_ws/install/dynamixel_sdk/local/lib/python3.10/dist-packages/dynamixel_sdk/robotis_def.py\n'}
[0.178209] (dynamixel_sdk) StdoutLine: {'line': b'-- Installing: /home/etri/ros2_ws/install/dynamixel_sdk/local/lib/python3.10/dist-packages/dynamixel_sdk/group_sync_write.py\n'}
[0.178249] (dynamixel_sdk) StdoutLine: {'line': b'-- Installing: /home/etri/ros2_ws/install/dynamixel_sdk/local/lib/python3.10/dist-packages/dynamixel_sdk/protocol1_packet_handler.cpp\n'}
[0.178284] (dynamixel_sdk) StdoutLine: {'line': b'-- Installing: /home/etri/ros2_ws/install/dynamixel_sdk/local/lib/python3.10/dist-packages/dynamixel_sdk/group_bulk_write.py\n'}
[0.178319] (dynamixel_sdk) StdoutLine: {'line': b'-- Installing: /home/etri/ros2_ws/install/dynamixel_sdk/local/lib/python3.10/dist-packages/dynamixel_sdk/port_handler.cpp\n'}
[0.178347] (dynamixel_sdk) StdoutLine: {'line': b'-- Installing: /home/etri/ros2_ws/install/dynamixel_sdk/local/lib/python3.10/dist-packages/dynamixel_sdk/group_fast_sync_read.cpp\n'}
[0.178367] (dynamixel_sdk) StdoutLine: {'line': b'-- Installing: /home/etri/ros2_ws/install/dynamixel_sdk/local/lib/python3.10/dist-packages/dynamixel_sdk/protocol2_packet_handler.py\n'}
[0.178408] (dynamixel_sdk) StdoutLine: {'line': b'-- Installing: /home/etri/ros2_ws/install/dynamixel_sdk/local/lib/python3.10/dist-packages/dynamixel_sdk/packet_handler.py\n'}
[0.178426] (dynamixel_sdk) StdoutLine: {'line': b'-- Installing: /home/etri/ros2_ws/install/dynamixel_sdk/local/lib/python3.10/dist-packages/dynamixel_sdk/group_sync_write.cpp\n'}
[0.178444] (dynamixel_sdk) StdoutLine: {'line': b'-- Installing: /home/etri/ros2_ws/install/dynamixel_sdk/local/lib/python3.10/dist-packages/dynamixel_sdk/group_handler.cpp\n'}
[0.178484] (dynamixel_sdk) StdoutLine: {'line': b'-- Installing: /home/etri/ros2_ws/install/dynamixel_sdk/local/lib/python3.10/dist-packages/dynamixel_sdk/group_bulk_read.py\n'}
[0.178505] (dynamixel_sdk) StdoutLine: {'line': b'-- Installing: /home/etri/ros2_ws/install/dynamixel_sdk/local/lib/python3.10/dist-packages/dynamixel_sdk/group_fast_bulk_read.cpp\n'}
[0.178535] (dynamixel_sdk) StdoutLine: {'line': b'-- Installing: /home/etri/ros2_ws/install/dynamixel_sdk/local/lib/python3.10/dist-packages/dynamixel_sdk/port_handler_windows.cpp\n'}
[0.200114] (-) TimerEvent: {}
[0.201701] (dynamixel_sdk) StdoutLine: {'line': b"Listing '/home/etri/ros2_ws/install/dynamixel_sdk/local/lib/python3.10/dist-packages/dynamixel_sdk'...\n"}
[0.201798] (dynamixel_sdk) StdoutLine: {'line': b"Compiling '/home/etri/ros2_ws/install/dynamixel_sdk/local/lib/python3.10/dist-packages/dynamixel_sdk/__init__.py'...\n"}
[0.201831] (dynamixel_sdk) StdoutLine: {'line': b"Compiling '/home/etri/ros2_ws/install/dynamixel_sdk/local/lib/python3.10/dist-packages/dynamixel_sdk/group_bulk_read.py'...\n"}
[0.201854] (dynamixel_sdk) StdoutLine: {'line': b"Compiling '/home/etri/ros2_ws/install/dynamixel_sdk/local/lib/python3.10/dist-packages/dynamixel_sdk/group_bulk_write.py'...\n"}
[0.201874] (dynamixel_sdk) StdoutLine: {'line': b"Compiling '/home/etri/ros2_ws/install/dynamixel_sdk/local/lib/python3.10/dist-packages/dynamixel_sdk/group_sync_read.py'...\n"}
[0.201892] (dynamixel_sdk) StdoutLine: {'line': b"Compiling '/home/etri/ros2_ws/install/dynamixel_sdk/local/lib/python3.10/dist-packages/dynamixel_sdk/group_sync_write.py'...\n"}
[0.201910] (dynamixel_sdk) StdoutLine: {'line': b"Compiling '/home/etri/ros2_ws/install/dynamixel_sdk/local/lib/python3.10/dist-packages/dynamixel_sdk/packet_handler.py'...\n"}
[0.201927] (dynamixel_sdk) StdoutLine: {'line': b"Compiling '/home/etri/ros2_ws/install/dynamixel_sdk/local/lib/python3.10/dist-packages/dynamixel_sdk/port_handler.py'...\n"}
[0.201944] (dynamixel_sdk) StdoutLine: {'line': b"Compiling '/home/etri/ros2_ws/install/dynamixel_sdk/local/lib/python3.10/dist-packages/dynamixel_sdk/protocol1_packet_handler.py'...\n"}
[0.201961] (dynamixel_sdk) StdoutLine: {'line': b"Compiling '/home/etri/ros2_ws/install/dynamixel_sdk/local/lib/python3.10/dist-packages/dynamixel_sdk/protocol2_packet_handler.py'...\n"}
[0.201984] (dynamixel_sdk) StdoutLine: {'line': b"Compiling '/home/etri/ros2_ws/install/dynamixel_sdk/local/lib/python3.10/dist-packages/dynamixel_sdk/robotis_def.py'...\n"}
[0.204918] (dynamixel_sdk) StdoutLine: {'line': b'-- Installing: /home/etri/ros2_ws/install/dynamixel_sdk/local/lib/python3.10/dist-packages/dynamixel_easy_sdk-4.0.3-py3.10.egg-info\n'}
[0.205019] (dynamixel_sdk) StdoutLine: {'line': b'-- Installing: /home/etri/ros2_ws/install/dynamixel_sdk/local/lib/python3.10/dist-packages/dynamixel_easy_sdk-4.0.3-py3.10.egg-info/SOURCES.txt\n'}
[0.205045] (dynamixel_sdk) StdoutLine: {'line': b'-- Installing: /home/etri/ros2_ws/install/dynamixel_sdk/local/lib/python3.10/dist-packages/dynamixel_easy_sdk-4.0.3-py3.10.egg-info/PKG-INFO\n'}
[0.205065] (dynamixel_sdk) StdoutLine: {'line': b'-- Installing: /home/etri/ros2_ws/install/dynamixel_sdk/local/lib/python3.10/dist-packages/dynamixel_easy_sdk-4.0.3-py3.10.egg-info/top_level.txt\n'}
[0.205085] (dynamixel_sdk) StdoutLine: {'line': b'-- Installing: /home/etri/ros2_ws/install/dynamixel_sdk/local/lib/python3.10/dist-packages/dynamixel_easy_sdk-4.0.3-py3.10.egg-info/dependency_links.txt\n'}
[0.205108] (dynamixel_sdk) StdoutLine: {'line': b'-- Installing: /home/etri/ros2_ws/install/dynamixel_sdk/local/lib/python3.10/dist-packages/dynamixel_easy_sdk\n'}
[0.205125] (dynamixel_sdk) StdoutLine: {'line': b'-- Installing: /home/etri/ros2_ws/install/dynamixel_sdk/local/lib/python3.10/dist-packages/dynamixel_easy_sdk/motor.py\n'}
[0.205141] (dynamixel_sdk) StdoutLine: {'line': b'-- Installing: /home/etri/ros2_ws/install/dynamixel_sdk/local/lib/python3.10/dist-packages/dynamixel_easy_sdk/__init__.py\n'}
[0.205157] (dynamixel_sdk) StdoutLine: {'line': b'-- Installing: /home/etri/ros2_ws/install/dynamixel_sdk/local/lib/python3.10/dist-packages/dynamixel_easy_sdk/connector.py\n'}
[0.205172] (dynamixel_sdk) StdoutLine: {'line': b'-- Installing: /home/etri/ros2_ws/install/dynamixel_sdk/local/lib/python3.10/dist-packages/dynamixel_easy_sdk/motor.cpp\n'}
[0.205188] (dynamixel_sdk) StdoutLine: {'line': b'-- Installing: /home/etri/ros2_ws/install/dynamixel_sdk/local/lib/python3.10/dist-packages/dynamixel_easy_sdk/connector.cpp\n'}
[0.205205] (dynamixel_sdk) StdoutLine: {'line': b'-- Installing: /home/etri/ros2_ws/install/dynamixel_sdk/local/lib/python3.10/dist-packages/dynamixel_easy_sdk/control_table.py\n'}
[0.205219] (dynamixel_sdk) StdoutLine: {'line': b'-- Installing: /home/etri/ros2_ws/install/dynamixel_sdk/local/lib/python3.10/dist-packages/dynamixel_easy_sdk/dynamixel_error.py\n'}
[0.205234] (dynamixel_sdk) StdoutLine: {'line': b'-- Installing: /home/etri/ros2_ws/install/dynamixel_sdk/local/lib/python3.10/dist-packages/dynamixel_easy_sdk/control_table.cpp\n'}
[0.205249] (dynamixel_sdk) StdoutLine: {'line': b'-- Installing: /home/etri/ros2_ws/install/dynamixel_sdk/local/lib/python3.10/dist-packages/dynamixel_easy_sdk/data_types.py\n'}
[0.205263] (dynamixel_sdk) StdoutLine: {'line': b'-- Installing: /home/etri/ros2_ws/install/dynamixel_sdk/local/lib/python3.10/dist-packages/dynamixel_easy_sdk/group_executor.cpp\n'}
[0.205278] (dynamixel_sdk) StdoutLine: {'line': b'-- Installing: /home/etri/ros2_ws/install/dynamixel_sdk/local/lib/python3.10/dist-packages/dynamixel_easy_sdk/dynamixel_error.cpp\n'}
[0.205292] (dynamixel_sdk) StdoutLine: {'line': b'-- Installing: /home/etri/ros2_ws/install/dynamixel_sdk/local/lib/python3.10/dist-packages/dynamixel_easy_sdk/group_executor.py\n'}
[0.223159] (dynamixel_sdk) StdoutLine: {'line': b"Listing '/home/etri/ros2_ws/install/dynamixel_sdk/local/lib/python3.10/dist-packages/dynamixel_easy_sdk'...\n"}
[0.223236] (dynamixel_sdk) StdoutLine: {'line': b"Compiling '/home/etri/ros2_ws/install/dynamixel_sdk/local/lib/python3.10/dist-packages/dynamixel_easy_sdk/__init__.py'...\n"}
[0.223262] (dynamixel_sdk) StdoutLine: {'line': b"Compiling '/home/etri/ros2_ws/install/dynamixel_sdk/local/lib/python3.10/dist-packages/dynamixel_easy_sdk/connector.py'...\n"}
[0.223282] (dynamixel_sdk) StdoutLine: {'line': b"Compiling '/home/etri/ros2_ws/install/dynamixel_sdk/local/lib/python3.10/dist-packages/dynamixel_easy_sdk/control_table.py'...\n"}
[0.223301] (dynamixel_sdk) StdoutLine: {'line': b"Compiling '/home/etri/ros2_ws/install/dynamixel_sdk/local/lib/python3.10/dist-packages/dynamixel_easy_sdk/data_types.py'...\n"}
[0.223318] (dynamixel_sdk) StdoutLine: {'line': b"Compiling '/home/etri/ros2_ws/install/dynamixel_sdk/local/lib/python3.10/dist-packages/dynamixel_easy_sdk/dynamixel_error.py'...\n"}
[0.223337] (dynamixel_sdk) StdoutLine: {'line': b"Compiling '/home/etri/ros2_ws/install/dynamixel_sdk/local/lib/python3.10/dist-packages/dynamixel_easy_sdk/group_executor.py'...\n"}
[0.223354] (dynamixel_sdk) StdoutLine: {'line': b"Compiling '/home/etri/ros2_ws/install/dynamixel_sdk/local/lib/python3.10/dist-packages/dynamixel_easy_sdk/motor.py'...\n"}
[0.225246] (dynamixel_sdk) StdoutLine: {'line': b'-- Installing: /home/etri/ros2_ws/install/dynamixel_sdk/share/dynamixel_sdk/environment/library_path.sh\n'}
[0.225365] (dynamixel_sdk) StdoutLine: {'line': b'-- Installing: /home/etri/ros2_ws/install/dynamixel_sdk/share/dynamixel_sdk/environment/library_path.dsv\n'}
[0.225435] (dynamixel_sdk) StdoutLine: {'line': b'-- Installing: /home/etri/ros2_ws/install/dynamixel_sdk/share/ament_index/resource_index/package_run_dependencies/dynamixel_sdk\n'}
[0.225479] (dynamixel_sdk) StdoutLine: {'line': b'-- Installing: /home/etri/ros2_ws/install/dynamixel_sdk/share/ament_index/resource_index/parent_prefix_path/dynamixel_sdk\n'}
[0.225503] (dynamixel_sdk) StdoutLine: {'line': b'-- Installing: /home/etri/ros2_ws/install/dynamixel_sdk/share/dynamixel_sdk/environment/ament_prefix_path.sh\n'}
[0.225557] (dynamixel_sdk) StdoutLine: {'line': b'-- Installing: /home/etri/ros2_ws/install/dynamixel_sdk/share/dynamixel_sdk/environment/ament_prefix_path.dsv\n'}
[0.225577] (dynamixel_sdk) StdoutLine: {'line': b'-- Installing: /home/etri/ros2_ws/install/dynamixel_sdk/share/dynamixel_sdk/environment/path.sh\n'}
[0.225595] (dynamixel_sdk) StdoutLine: {'line': b'-- Installing: /home/etri/ros2_ws/install/dynamixel_sdk/share/dynamixel_sdk/environment/path.dsv\n'}
[0.225646] (dynamixel_sdk) StdoutLine: {'line': b'-- Installing: /home/etri/ros2_ws/install/dynamixel_sdk/share/dynamixel_sdk/local_setup.bash\n'}
[0.225668] (dynamixel_sdk) StdoutLine: {'line': b'-- Installing: /home/etri/ros2_ws/install/dynamixel_sdk/share/dynamixel_sdk/local_setup.sh\n'}
[0.225686] (dynamixel_sdk) StdoutLine: {'line': b'-- Installing: /home/etri/ros2_ws/install/dynamixel_sdk/share/dynamixel_sdk/local_setup.zsh\n'}
[0.225738] (dynamixel_sdk) StdoutLine: {'line': b'-- Installing: /home/etri/ros2_ws/install/dynamixel_sdk/share/dynamixel_sdk/local_setup.dsv\n'}
[0.225756] (dynamixel_sdk) StdoutLine: {'line': b'-- Installing: /home/etri/ros2_ws/install/dynamixel_sdk/share/dynamixel_sdk/package.dsv\n'}
[0.225772] (dynamixel_sdk) StdoutLine: {'line': b'-- Installing: /home/etri/ros2_ws/install/dynamixel_sdk/share/ament_index/resource_index/packages/dynamixel_sdk\n'}
[0.225809] (dynamixel_sdk) StdoutLine: {'line': b'-- Installing: /home/etri/ros2_ws/install/dynamixel_sdk/share/dynamixel_sdk/cmake/dynamixel_sdkExport.cmake\n'}
[0.225845] (dynamixel_sdk) StdoutLine: {'line': b'-- Installing: /home/etri/ros2_ws/install/dynamixel_sdk/share/dynamixel_sdk/cmake/dynamixel_sdkExport-noconfig.cmake\n'}
[0.225890] (dynamixel_sdk) StdoutLine: {'line': b'-- Installing: /home/etri/ros2_ws/install/dynamixel_sdk/share/dynamixel_sdk/cmake/ament_cmake_export_targets-extras.cmake\n'}
[0.225911] (dynamixel_sdk) StdoutLine: {'line': b'-- Installing: /home/etri/ros2_ws/install/dynamixel_sdk/share/dynamixel_sdk/cmake/ament_cmake_export_include_directories-extras.cmake\n'}
[0.225950] (dynamixel_sdk) StdoutLine: {'line': b'-- Installing: /home/etri/ros2_ws/install/dynamixel_sdk/share/dynamixel_sdk/cmake/ament_cmake_export_libraries-extras.cmake\n'}
[0.225969] (dynamixel_sdk) StdoutLine: {'line': b'-- Installing: /home/etri/ros2_ws/install/dynamixel_sdk/share/dynamixel_sdk/cmake/dynamixel_sdkConfig.cmake\n'}
[0.226008] (dynamixel_sdk) StdoutLine: {'line': b'-- Installing: /home/etri/ros2_ws/install/dynamixel_sdk/share/dynamixel_sdk/cmake/dynamixel_sdkConfig-version.cmake\n'}
[0.226025] (dynamixel_sdk) StdoutLine: {'line': b'-- Installing: /home/etri/ros2_ws/install/dynamixel_sdk/share/dynamixel_sdk/package.xml\n'}
[0.227049] (dynamixel_sdk) CommandEnded: {'returncode': 0}
[0.235426] (dynamixel_sdk) JobEnded: {'identifier': 'dynamixel_sdk', 'rc': 0}
[0.276057] (dynamixel_interfaces) StdoutLine: {'line': b'[  5%] Building C object CMakeFiles/dynamixel_interfaces__rosidl_generator_c.dir/rosidl_generator_c/dynamixel_interfaces/msg/detail/dynamixel_state__functions.c.o\n'}
[0.276574] (dynamixel_interfaces) StdoutLine: {'line': b'[  7%] Building C object CMakeFiles/dynamixel_interfaces__rosidl_generator_c.dir/rosidl_generator_c/dynamixel_interfaces/srv/detail/set_data_to_dxl__functions.c.o\n'}
[0.276611] (dynamixel_interfaces) StdoutLine: {'line': b'[  9%] Building C object CMakeFiles/dynamixel_interfaces__rosidl_generator_c.dir/rosidl_generator_c/dynamixel_interfaces/srv/detail/get_data_from_dxl__functions.c.o\n'}
[0.277432] (dynamixel_interfaces) StdoutLine: {'line': b'[ 10%] Building C object CMakeFiles/dynamixel_interfaces__rosidl_generator_c.dir/rosidl_generator_c/dynamixel_interfaces/srv/detail/reboot_dxl__functions.c.o\n'}
[0.283709] (dynamixel_interfaces) StdoutLine: {'line': b'[ 10%] Built target dynamixel_interfaces__cpp\n'}
[0.289691] (dynamixel_interfaces) StdoutLine: {'line': b'[ 16%] Generating C++ type support for eProsima Fast-RTPS\n'}
[0.289777] (dynamixel_interfaces) StdoutLine: {'line': b'[ 16%] Generating C++ type support dispatch for ROS interfaces\n'}
[0.289802] (dynamixel_interfaces) StdoutLine: {'line': b'[ 16%] Generating C++ introspection for ROS interfaces\n'}
[0.300205] (-) TimerEvent: {}
[0.317352] (dynamixel_interfaces) StdoutLine: {'line': b'[ 18%] Linking C shared library libdynamixel_interfaces__rosidl_generator_c.so\n'}
[0.336673] (dynamixel_interfaces) StdoutLine: {'line': b'[ 18%] Built target dynamixel_interfaces__rosidl_generator_c\n'}
[0.342001] (dynamixel_interfaces) StdoutLine: {'line': b'[ 20%] Generating C introspection for ROS interfaces\n'}
[0.342140] (dynamixel_interfaces) StdoutLine: {'line': b'[ 21%] Generating C type support for eProsima Fast-RTPS\n'}
[0.342967] (dynamixel_interfaces) StdoutLine: {'line': b'[ 23%] Generating C type support dispatch for ROS interfaces\n'}
[0.400301] (-) TimerEvent: {}
[0.469189] (dynamixel_interfaces) StdoutLine: {'line': b'[ 27%] Building CXX object CMakeFiles/dynamixel_interfaces__rosidl_typesupport_cpp.dir/rosidl_typesupport_cpp/dynamixel_interfaces/srv/reboot_dxl__type_support.cpp.o\n'}
[0.469295] (dynamixel_interfaces) StdoutLine: {'line': b'[ 27%] Building CXX object CMakeFiles/dynamixel_interfaces__rosidl_typesupport_cpp.dir/rosidl_typesupport_cpp/dynamixel_interfaces/srv/set_data_to_dxl__type_support.cpp.o\n'}
[0.470829] (dynamixel_interfaces) StdoutLine: {'line': b'[ 29%] Building CXX object CMakeFiles/dynamixel_interfaces__rosidl_typesupport_cpp.dir/rosidl_typesupport_cpp/dynamixel_interfaces/msg/dynamixel_state__type_support.cpp.o\n'}
[0.471216] (dynamixel_interfaces) StdoutLine: {'line': b'[ 30%] Building CXX object CMakeFiles/dynamixel_interfaces__rosidl_typesupport_cpp.dir/rosidl_typesupport_cpp/dynamixel_interfaces/srv/get_data_from_dxl__type_support.cpp.o\n'}
[0.498205] (dynamixel_interfaces) StdoutLine: {'line': b'[ 36%] Building CXX object CMakeFiles/dynamixel_interfaces__rosidl_typesupport_introspection_cpp.dir/rosidl_typesupport_introspection_cpp/dynamixel_interfaces/srv/detail/get_data_from_dxl__type_support.cpp.o\n'}
[0.498326] (dynamixel_interfaces) StdoutLine: {'line': b'[ 36%] Building CXX object CMakeFiles/dynamixel_interfaces__rosidl_typesupport_introspection_cpp.dir/rosidl_typesupport_introspection_cpp/dynamixel_interfaces/srv/detail/set_data_to_dxl__type_support.cpp.o\n'}
[0.498422] (dynamixel_interfaces) StdoutLine: {'line': b'[ 36%] Building CXX object CMakeFiles/dynamixel_interfaces__rosidl_typesupport_introspection_cpp.dir/rosidl_typesupport_introspection_cpp/dynamixel_interfaces/msg/detail/dynamixel_state__type_support.cpp.o\n'}
[0.499026] (dynamixel_interfaces) StdoutLine: {'line': b'[ 38%] Building CXX object CMakeFiles/dynamixel_interfaces__rosidl_typesupport_introspection_cpp.dir/rosidl_typesupport_introspection_cpp/dynamixel_interfaces/srv/detail/reboot_dxl__type_support.cpp.o\n'}
[0.500354] (-) TimerEvent: {}
[0.504710] (dynamixel_interfaces) StdoutLine: {'line': b'[ 40%] Building CXX object CMakeFiles/dynamixel_interfaces__rosidl_typesupport_fastrtps_cpp.dir/rosidl_typesupport_fastrtps_cpp/dynamixel_interfaces/msg/detail/dds_fastrtps/dynamixel_state__type_support.cpp.o\n'}
[0.504830] (dynamixel_interfaces) StdoutLine: {'line': b'[ 41%] Building CXX object CMakeFiles/dynamixel_interfaces__rosidl_typesupport_fastrtps_cpp.dir/rosidl_typesupport_fastrtps_cpp/dynamixel_interfaces/srv/detail/dds_fastrtps/set_data_to_dxl__type_support.cpp.o\n'}
[0.504913] (dynamixel_interfaces) StdoutLine: {'line': b'[ 43%] Building CXX object CMakeFiles/dynamixel_interfaces__rosidl_typesupport_fastrtps_cpp.dir/rosidl_typesupport_fastrtps_cpp/dynamixel_interfaces/srv/detail/dds_fastrtps/get_data_from_dxl__type_support.cpp.o\n'}
[0.505685] (dynamixel_interfaces) StdoutLine: {'line': b'[ 45%] Building CXX object CMakeFiles/dynamixel_interfaces__rosidl_typesupport_fastrtps_cpp.dir/rosidl_typesupport_fastrtps_cpp/dynamixel_interfaces/srv/detail/dds_fastrtps/reboot_dxl__type_support.cpp.o\n'}
[0.534782] (dynamixel_interfaces) StdoutLine: {'line': b'[ 50%] Building CXX object CMakeFiles/dynamixel_interfaces__rosidl_typesupport_c.dir/rosidl_typesupport_c/dynamixel_interfaces/msg/dynamixel_state__type_support.cpp.o\n'}
[0.534917] (dynamixel_interfaces) StdoutLine: {'line': b'[ 50%] Building CXX object CMakeFiles/dynamixel_interfaces__rosidl_typesupport_c.dir/rosidl_typesupport_c/dynamixel_interfaces/srv/get_data_from_dxl__type_support.cpp.o\n'}
[0.534950] (dynamixel_interfaces) StdoutLine: {'line': b'[ 50%] Building CXX object CMakeFiles/dynamixel_interfaces__rosidl_typesupport_c.dir/rosidl_typesupport_c/dynamixel_interfaces/srv/set_data_to_dxl__type_support.cpp.o\n'}
[0.534978] (dynamixel_interfaces) StdoutLine: {'line': b'[ 52%] Building CXX object CMakeFiles/dynamixel_interfaces__rosidl_typesupport_c.dir/rosidl_typesupport_c/dynamixel_interfaces/srv/reboot_dxl__type_support.cpp.o\n'}
[0.557059] (dynamixel_interfaces) StdoutLine: {'line': b'[ 56%] Building C object CMakeFiles/dynamixel_interfaces__rosidl_typesupport_introspection_c.dir/rosidl_typesupport_introspection_c/dynamixel_interfaces/msg/detail/dynamixel_state__type_support.c.o\n'}
[0.557922] (dynamixel_interfaces) StdoutLine: {'line': b'[ 56%] Linking CXX shared library libdynamixel_interfaces__rosidl_typesupport_c.so\n'}
[0.558127] (dynamixel_interfaces) StdoutLine: {'line': b'[ 60%] Building C object CMakeFiles/dynamixel_interfaces__rosidl_typesupport_introspection_c.dir/rosidl_typesupport_introspection_c/dynamixel_interfaces/srv/detail/set_data_to_dxl__type_support.c.o\n'}
[0.558295] (dynamixel_interfaces) StdoutLine: {'line': b'[ 60%] Building C object CMakeFiles/dynamixel_interfaces__rosidl_typesupport_introspection_c.dir/rosidl_typesupport_introspection_c/dynamixel_interfaces/srv/detail/get_data_from_dxl__type_support.c.o\n'}
[0.558421] (dynamixel_interfaces) StdoutLine: {'line': b'[ 61%] Building C object CMakeFiles/dynamixel_interfaces__rosidl_typesupport_introspection_c.dir/rosidl_typesupport_introspection_c/dynamixel_interfaces/srv/detail/reboot_dxl__type_support.c.o\n'}
[0.573163] (dynamixel_interfaces) StdoutLine: {'line': b'[ 69%] Building CXX object CMakeFiles/dynamixel_interfaces__rosidl_typesupport_fastrtps_c.dir/rosidl_typesupport_fastrtps_c/dynamixel_interfaces/msg/detail/dynamixel_state__type_support_c.cpp.o\n'}
[0.573323] (dynamixel_interfaces) StdoutLine: {'line': b'[ 69%] Building CXX object CMakeFiles/dynamixel_interfaces__rosidl_typesupport_fastrtps_c.dir/rosidl_typesupport_fastrtps_c/dynamixel_interfaces/srv/detail/get_data_from_dxl__type_support_c.cpp.o\n'}
[0.573362] (dynamixel_interfaces) StdoutLine: {'line': b'[ 69%] Building CXX object CMakeFiles/dynamixel_interfaces__rosidl_typesupport_fastrtps_c.dir/rosidl_typesupport_fastrtps_c/dynamixel_interfaces/srv/detail/reboot_dxl__type_support_c.cpp.o\n'}
[0.573389] (dynamixel_interfaces) StdoutLine: {'line': b'[ 69%] Building CXX object CMakeFiles/dynamixel_interfaces__rosidl_typesupport_fastrtps_c.dir/rosidl_typesupport_fastrtps_c/dynamixel_interfaces/srv/detail/set_data_to_dxl__type_support_c.cpp.o\n'}
[0.586964] (dynamixel_interfaces) StdoutLine: {'line': b'[ 69%] Built target dynamixel_interfaces__rosidl_typesupport_c\n'}
[0.601500] (-) TimerEvent: {}
[0.636827] (dynamixel_interfaces) StdoutLine: {'line': b'[ 70%] Linking C shared library libdynamixel_interfaces__rosidl_typesupport_introspection_c.so\n'}
[0.638195] (dynamixel_interfaces) StdoutLine: {'line': b'[ 72%] Linking CXX shared library libdynamixel_interfaces__rosidl_typesupport_cpp.so\n'}
[0.658547] (dynamixel_interfaces) StdoutLine: {'line': b'[ 72%] Built target dynamixel_interfaces__rosidl_typesupport_introspection_c\n'}
[0.665711] (dynamixel_interfaces) StdoutLine: {'line': b'[ 72%] Built target dynamixel_interfaces__rosidl_typesupport_cpp\n'}
[0.701999] (-) TimerEvent: {}
[0.731309] (dynamixel_interfaces) StdoutLine: {'line': b'[ 74%] Linking CXX shared library libdynamixel_interfaces__rosidl_typesupport_fastrtps_c.so\n'}
[0.737984] (dynamixel_interfaces) StdoutLine: {'line': b'[ 76%] Linking CXX shared library libdynamixel_interfaces__rosidl_typesupport_fastrtps_cpp.so\n'}
[0.748090] (dynamixel_interfaces) StdoutLine: {'line': b'[ 78%] Linking CXX shared library libdynamixel_interfaces__rosidl_typesupport_introspection_cpp.so\n'}
[0.771852] (dynamixel_interfaces) StdoutLine: {'line': b'[ 78%] Built target dynamixel_interfaces__rosidl_typesupport_fastrtps_c\n'}
[0.777201] (dynamixel_interfaces) StdoutLine: {'line': b'[ 78%] Built target dynamixel_interfaces__rosidl_typesupport_fastrtps_cpp\n'}
[0.790039] (dynamixel_interfaces) StdoutLine: {'line': b'[ 78%] Built target dynamixel_interfaces__rosidl_typesupport_introspection_cpp\n'}
[0.801940] (dynamixel_interfaces) StdoutLine: {'line': b'[ 78%] Built target dynamixel_interfaces\n'}
[0.802051] (-) TimerEvent: {}
[0.812545] (dynamixel_interfaces) StdoutLine: {'line': b'[ 80%] Generating Python code for ROS interfaces\n'}
[0.902194] (-) TimerEvent: {}
[1.002294] (-) TimerEvent: {}
[1.102444] (-) TimerEvent: {}
[1.186280] (dynamixel_interfaces) StdoutLine: {'line': b'[ 80%] Built target dynamixel_interfaces__py\n'}
[1.197011] (dynamixel_interfaces) StdoutLine: {'line': b'[ 81%] Building C object CMakeFiles/dynamixel_interfaces__rosidl_generator_py.dir/rosidl_generator_py/dynamixel_interfaces/srv/_get_data_from_dxl_s.c.o\n'}
[1.197396] (dynamixel_interfaces) StdoutLine: {'line': b'[ 85%] Building C object CMakeFiles/dynamixel_interfaces__rosidl_generator_py.dir/rosidl_generator_py/dynamixel_interfaces/srv/_set_data_to_dxl_s.c.o\n'}
[1.197450] (dynamixel_interfaces) StdoutLine: {'line': b'[ 87%] Building C object CMakeFiles/dynamixel_interfaces__rosidl_generator_py.dir/rosidl_generator_py/dynamixel_interfaces/srv/_reboot_dxl_s.c.o\n'}
[1.197861] (dynamixel_interfaces) StdoutLine: {'line': b'[ 87%] Building C object CMakeFiles/dynamixel_interfaces__rosidl_generator_py.dir/rosidl_generator_py/dynamixel_interfaces/msg/_dynamixel_state_s.c.o\n'}
[1.202487] (-) TimerEvent: {}
[1.251233] (dynamixel_interfaces) StdoutLine: {'line': b'[ 89%] Linking C shared library rosidl_generator_py/dynamixel_interfaces/libdynamixel_interfaces__rosidl_generator_py.so\n'}
[1.273325] (dynamixel_interfaces) StdoutLine: {'line': b'[ 89%] Built target dynamixel_interfaces__rosidl_generator_py\n'}
[1.284305] (dynamixel_interfaces) StdoutLine: {'line': b'[ 90%] Building C object CMakeFiles/dynamixel_interfaces__rosidl_typesupport_introspection_c__pyext.dir/rosidl_generator_py/dynamixel_interfaces/_dynamixel_interfaces_s.ep.rosidl_typesupport_introspection_c.c.o\n'}
[1.285703] (dynamixel_interfaces) StdoutLine: {'line': b'[ 94%] Building C object CMakeFiles/dynamixel_interfaces__rosidl_typesupport_c__pyext.dir/rosidl_generator_py/dynamixel_interfaces/_dynamixel_interfaces_s.ep.rosidl_typesupport_c.c.o\n'}
[1.285776] (dynamixel_interfaces) StdoutLine: {'line': b'[ 94%] Building C object CMakeFiles/dynamixel_interfaces__rosidl_typesupport_fastrtps_c__pyext.dir/rosidl_generator_py/dynamixel_interfaces/_dynamixel_interfaces_s.ep.rosidl_typesupport_fastrtps_c.c.o\n'}
[1.302612] (-) TimerEvent: {}
[1.335325] (dynamixel_interfaces) StdoutLine: {'line': b'[ 96%] Linking C shared library rosidl_generator_py/dynamixel_interfaces/dynamixel_interfaces_s__rosidl_typesupport_fastrtps_c.cpython-310-x86_64-linux-gnu.so\n'}
[1.335457] (dynamixel_interfaces) StdoutLine: {'line': b'[ 98%] Linking C shared library rosidl_generator_py/dynamixel_interfaces/dynamixel_interfaces_s__rosidl_typesupport_introspection_c.cpython-310-x86_64-linux-gnu.so\n'}
[1.338612] (dynamixel_interfaces) StdoutLine: {'line': b'[100%] Linking C shared library rosidl_generator_py/dynamixel_interfaces/dynamixel_interfaces_s__rosidl_typesupport_c.cpython-310-x86_64-linux-gnu.so\n'}
[1.364680] (dynamixel_interfaces) StdoutLine: {'line': b'[100%] Built target dynamixel_interfaces__rosidl_typesupport_fastrtps_c__pyext\n'}
[1.364842] (dynamixel_interfaces) StdoutLine: {'line': b'[100%] Built target dynamixel_interfaces__rosidl_typesupport_introspection_c__pyext\n'}
[1.367048] (dynamixel_interfaces) StdoutLine: {'line': b'[100%] Built target dynamixel_interfaces__rosidl_typesupport_c__pyext\n'}
[1.402826] (-) TimerEvent: {}
[1.420106] (dynamixel_interfaces) CommandEnded: {'returncode': 0}
[1.421609] (dynamixel_interfaces) JobProgress: {'identifier': 'dynamixel_interfaces', 'progress': 'install'}
[1.421649] (dynamixel_interfaces) Command: {'cmd': ['/usr/bin/cmake', '--install', '/home/etri/ros2_ws/build/dynamixel_interfaces'], 'cwd': '/home/etri/ros2_ws/build/dynamixel_interfaces', 'env': OrderedDict([('GJS_DEBUG_TOPICS', 'JS ERROR;JS LOG'), ('LESSOPEN', '| /usr/bin/lesspipe %s'), ('VSCODE_CWD', '/home/etri'), ('CURSOR_EXTENSION_HOST_ROLE', 'agent-exec'), ('VSCODE_ESM_ENTRYPOINT', 'vs/workbench/api/node/extensionHostProcess'), ('LANGUAGE', 'ko:en_US:en'), ('USER', 'etri'), ('LC_TIME', 'ko_KR.UTF-8'), ('VSCODE_NLS_CONFIG', '{"userLocale":"ko","osLocale":"ko","resolvedLanguage":"en","defaultMessagesFile":"/usr/share/cursor/resources/app/out/nls.messages.json","locale":"ko","availableLanguages":{}}'), ('CI', '1'), ('VSCODE_HANDLES_UNCAUGHT_ERRORS', 'true'), ('XDG_SESSION_TYPE', 'x11'), ('SHLVL', '0'), ('LD_LIBRARY_PATH', '/home/etri/ros2_ws/install/open_manipulator_collision/lib:/home/etri/ros2_ws/install/om_joint_trajectory_command_broadcaster/lib:/home/etri/ros2_ws/install/dynamixel_hardware_interface/lib:/home/etri/ros2_ws/install/dynamixel_sdk/lib:/home/etri/ros2_ws/install/dynamixel_interfaces/lib:/home/etri/ws_ros2/install/service_interfaces/lib:/opt/ros/humble/opt/rviz_ogre_vendor/lib:/opt/ros/humble/lib/x86_64-linux-gnu:/opt/ros/humble/lib'), ('HOME', '/home/etri'), ('CHROME_DESKTOP', 'cursor.desktop'), ('OLDPWD', '/home/etri/ros2_ws'), ('DESKTOP_SESSION', 'ubuntu'), ('VSCODE_IPC_HOOK', '/run/user/1000/vscode-30070241-2.3.-main.sock'), ('GIO_LAUNCHED_DESKTOP_FILE', '/usr/share/applications/cursor.desktop'), ('ROS_PYTHON_VERSION', '3'), ('GNOME_SHELL_SESSION_MODE', 'ubuntu'), ('GTK_MODULES', 'gail:atk-bridge'), ('LC_MONETARY', 'ko_KR.UTF-8'), ('MANAGERPID', '1861'), ('SYSTEMD_EXEC_PID', '2147'), ('NO_COLOR', '1'), ('DBUS_SESSION_BUS_ADDRESS', 'unix:path=/run/user/1000/bus'), ('GIO_LAUNCHED_DESKTOP_FILE_PID', '5142'), ('VSCODE_CRASH_REPORTER_PROCESS_TYPE', 'extensionHost'), ('COLCON_PREFIX_PATH', '/home/etri/ros2_ws/install:/home/etri/ws_ros2/install'), ('ROS_DISTRO', 'humble'), ('GTK_IM_MODULE', 'ibus'), ('LOGNAME', 'etri'), ('FORCE_COLOR', '0'), ('JOURNAL_STREAM', '8:18509'), ('_', '/usr/bin/colcon'), ('ROS_VERSION', '2'), ('XDG_SESSION_CLASS', 'user'), ('USERNAME', 'etri'), ('TERM', 'dumb'), ('EVERYSPHERE_RIPGREP_PATH', '/usr/share/cursor/resources/app/node_modules/@vscode/ripgrep/bin/rg'), ('GNOME_DESKTOP_SESSION_ID', 'this-is-deprecated'), ('ROS_LOCALHOST_ONLY', '1'), ('WINDOWPATH', '2'), ('PATH', '/opt/ros/humble/bin:/usr/local/sbin:/usr/local/bin:/usr/sbin:/usr/bin:/sbin:/bin:/usr/games:/usr/local/games:/snap/bin:/snap/bin'), ('SESSION_MANAGER', 'local/etri-HP-Z2-Tower-G1i:@/tmp/.ICE-unix/2119,unix/etri-HP-Z2-Tower-G1i:/tmp/.ICE-unix/2119'), ('INVOCATION_ID', '5a99293a9b70420ba5782225baf2f6fe'), ('PAPERSIZE', 'a4'), ('XDG_MENU_PREFIX', 'gnome-'), ('LC_ADDRESS', 'ko_KR.UTF-8'), ('VSCODE_PROCESS_TITLE', 'extension-host (agent-exec) [1-3]'), ('XDG_RUNTIME_DIR', '/run/user/1000'), ('GDK_BACKEND', 'x11'), ('CURSOR_AGENT', '1'), ('DISPLAY', ':1'), ('LANG', 'ko_KR.UTF-8'), ('XDG_CURRENT_DESKTOP', 'Unity'), ('LC_TELEPHONE', 'ko_KR.UTF-8'), ('XMODIFIERS', '@im=ibus'), ('XDG_SESSION_DESKTOP', 'ubuntu'), ('XAUTHORITY', '/run/user/1000/gdm/Xauthority'), ('LS_COLORS', ''), ('CURSOR_TRACE_ID', '292c0dd82b9e4716b7c9a05e3f99dadc'), ('SSH_AGENT_LAUNCHER', 'gnome-keyring'), ('SSH_AUTH_SOCK', '/run/user/1000/keyring/ssh'), ('ROS_DOMAIN_ID', '0'), ('AMENT_PREFIX_PATH', '/home/etri/ros2_ws/install/open_manipulator_teleop:/home/etri/ros2_ws/install/open_manipulator_bringup:/home/etri/ros2_ws/install/open_manipulator_description:/home/etri/ros2_ws/install/open_manipulator_collision:/home/etri/ros2_ws/install/om_joint_trajectory_command_broadcaster:/home/etri/ros2_ws/install/dynamixel_hardware_interface:/home/etri/ros2_ws/install/dynamixel_sdk:/home/etri/ros2_ws/install/dynamixel_interfaces:/home/etri/ros2_ws/install/custom_panda_description:/home/etri/ws_ros2/install/inspire_hand:/home/etri/ws_ros2/install/service_interfaces:/opt/ros/humble'), ('ORIGINAL_XDG_CURRENT_DESKTOP', 'ubuntu:GNOME'), ('SHELL', '/bin/bash'), ('LC_NAME', 'ko_KR.UTF-8'), ('QT_ACCESSIBILITY', '1'), ('GDMSESSION', 'ubuntu'), ('LESSCLOSE', '/usr/bin/lesspipe %s %s'), ('LC_MEASUREMENT', 'ko_KR.UTF-8'), ('GPG_AGENT_INFO', '/run/user/1000/gnupg/S.gpg-agent:0:1'), ('GJS_DEBUG_OUTPUT', 'stderr'), ('LC_IDENTIFICATION', 'ko_KR.UTF-8'), ('QT_IM_MODULE', 'ibus'), ('PWD', '/home/etri/ros2_ws/build/dynamixel_interfaces'), ('LC_ALL', 'en_US.UTF-8'), ('XDG_CONFIG_DIRS', '/etc/xdg/xdg-ubuntu:/etc/xdg'), ('VSCODE_CODE_CACHE_PATH', '/home/etri/.config/Cursor/CachedData/643ba67cd252e2888e296dd0cf34a0c5d7625b90'), ('XDG_DATA_DIRS', '/usr/share/ubuntu:/usr/share/gnome:/usr/local/share/:/usr/share/:/var/lib/snapd/desktop'), ('PYTHONPATH', '/home/etri/ros2_ws/build/open_manipulator_teleop:/home/etri/ros2_ws/install/open_manipulator_teleop/lib/python3.10/site-packages:/home/etri/ros2_ws/build/open_manipulator_bringup:/home/etri/ros2_ws/install/open_manipulator_bringup/lib/python3.10/site-packages:/home/etri/ros2_ws/install/dynamixel_sdk/local/lib/python3.10/dist-packages:/home/etri/ros2_ws/install/dynamixel_interfaces/local/lib/python3.10/dist-packages:/home/etri/ws_ros2/install/service_interfaces/local/lib/python3.10/dist-packages:/opt/ros/humble/lib/python3.10/site-packages:/opt/ros/humble/local/lib/python3.10/dist-packages'), ('LC_NUMERIC', 'ko_KR.UTF-8'), ('LC_PAPER', 'ko_KR.UTF-8'), ('COLCON', '1'), ('_ZO_DOCTOR', '0'), ('CMAKE_PREFIX_PATH', '/home/etri/ros2_ws/install/open_manipulator_description:/home/etri/ros2_ws/install/open_manipulator_collision:/home/etri/ros2_ws/install/om_joint_trajectory_command_broadcaster:/home/etri/ros2_ws/install/dynamixel_hardware_interface:/home/etri/ros2_ws/install/dynamixel_sdk:/home/etri/ros2_ws/install/dynamixel_interfaces:/home/etri/ros2_ws/install/custom_panda_description:/home/etri/ws_ros2/install/inspire_hand:/home/etri/ws_ros2/install/service_interfaces:/home/etri/ros2_ws/install/open_manipulator_teleop:/home/etri/ros2_ws/install/open_manipulator_bringup:/opt/ros/humble'), ('VSCODE_PID', '5142')]), 'shell': False}
[1.427447] (dynamixel_interfaces) StdoutLine: {'line': b'-- Install configuration: ""\n'}
[1.427817] (dynamixel_interfaces) StdoutLine: {'line': b'-- Installing: /home/etri/ros2_ws/install/dynamixel_interfaces/share/ament_index/resource_index/rosidl_interfaces/dynamixel_interfaces\n'}
[1.427870] (dynamixel_interfaces) StdoutLine: {'line': b'-- Installing: /home/etri/ros2_ws/install/dynamixel_interfaces/include/dynamixel_interfaces/dynamixel_interfaces\n'}
[1.427912] (dynamixel_interfaces) StdoutLine: {'line': b'-- Installing: /home/etri/ros2_ws/install/dynamixel_interfaces/include/dynamixel_interfaces/dynamixel_interfaces/srv\n'}
[1.427951] (dynamixel_interfaces) StdoutLine: {'line': b'-- Installing: /home/etri/ros2_ws/install/dynamixel_interfaces/include/dynamixel_interfaces/dynamixel_interfaces/srv/detail\n'}
[1.427989] (dynamixel_interfaces) StdoutLine: {'line': b'-- Installing: /home/etri/ros2_ws/install/dynamixel_interfaces/include/dynamixel_interfaces/dynamixel_interfaces/srv/detail/reboot_dxl__struct.h\n'}
[1.428026] (dynamixel_interfaces) StdoutLine: {'line': b'-- Installing: /home/etri/ros2_ws/install/dynamixel_interfaces/include/dynamixel_interfaces/dynamixel_interfaces/srv/detail/reboot_dxl__functions.h\n'}
[1.428061] (dynamixel_interfaces) StdoutLine: {'line': b'-- Installing: /home/etri/ros2_ws/install/dynamixel_interfaces/include/dynamixel_interfaces/dynamixel_interfaces/srv/detail/get_data_from_dxl__functions.h\n'}
[1.428105] (dynamixel_interfaces) StdoutLine: {'line': b'-- Installing: /home/etri/ros2_ws/install/dynamixel_interfaces/include/dynamixel_interfaces/dynamixel_interfaces/srv/detail/get_data_from_dxl__functions.c\n'}
[1.428144] (dynamixel_interfaces) StdoutLine: {'line': b'-- Installing: /home/etri/ros2_ws/install/dynamixel_interfaces/include/dynamixel_interfaces/dynamixel_interfaces/srv/detail/set_data_to_dxl__functions.h\n'}
[1.428180] (dynamixel_interfaces) StdoutLine: {'line': b'-- Installing: /home/etri/ros2_ws/install/dynamixel_interfaces/include/dynamixel_interfaces/dynamixel_interfaces/srv/detail/get_data_from_dxl__struct.h\n'}
[1.428215] (dynamixel_interfaces) StdoutLine: {'line': b'-- Installing: /home/etri/ros2_ws/install/dynamixel_interfaces/include/dynamixel_interfaces/dynamixel_interfaces/srv/detail/reboot_dxl__type_support.h\n'}
[1.428250] (dynamixel_interfaces) StdoutLine: {'line': b'-- Installing: /home/etri/ros2_ws/install/dynamixel_interfaces/include/dynamixel_interfaces/dynamixel_interfaces/srv/detail/reboot_dxl__functions.c\n'}
[1.428285] (dynamixel_interfaces) StdoutLine: {'line': b'-- Installing: /home/etri/ros2_ws/install/dynamixel_interfaces/include/dynamixel_interfaces/dynamixel_interfaces/srv/detail/set_data_to_dxl__struct.h\n'}
[1.428319] (dynamixel_interfaces) StdoutLine: {'line': b'-- Installing: /home/etri/ros2_ws/install/dynamixel_interfaces/include/dynamixel_interfaces/dynamixel_interfaces/srv/detail/get_data_from_dxl__type_support.h\n'}
[1.428354] (dynamixel_interfaces) StdoutLine: {'line': b'-- Installing: /home/etri/ros2_ws/install/dynamixel_interfaces/include/dynamixel_interfaces/dynamixel_interfaces/srv/detail/set_data_to_dxl__functions.c\n'}
[1.428389] (dynamixel_interfaces) StdoutLine: {'line': b'-- Installing: /home/etri/ros2_ws/install/dynamixel_interfaces/include/dynamixel_interfaces/dynamixel_interfaces/srv/detail/set_data_to_dxl__type_support.h\n'}
[1.428423] (dynamixel_interfaces) StdoutLine: {'line': b'-- Installing: /home/etri/ros2_ws/install/dynamixel_interfaces/include/dynamixel_interfaces/dynamixel_interfaces/srv/reboot_dxl.h\n'}
[1.428602] (dynamixel_interfaces) StdoutLine: {'line': b'-- Installing: /home/etri/ros2_ws/install/dynamixel_interfaces/include/dynamixel_interfaces/dynamixel_interfaces/srv/get_data_from_dxl.h\n'}
[1.428852] (dynamixel_interfaces) StdoutLine: {'line': b'-- Installing: /home/etri/ros2_ws/install/dynamixel_interfaces/include/dynamixel_interfaces/dynamixel_interfaces/srv/set_data_to_dxl.h\n'}
[1.429052] (dynamixel_interfaces) StdoutLine: {'line': b'-- Installing: /home/etri/ros2_ws/install/dynamixel_interfaces/include/dynamixel_interfaces/dynamixel_interfaces/msg\n'}
[1.429187] (dynamixel_interfaces) StdoutLine: {'line': b'-- Installing: /home/etri/ros2_ws/install/dynamixel_interfaces/include/dynamixel_interfaces/dynamixel_interfaces/msg/detail\n'}
[1.429336] (dynamixel_interfaces) StdoutLine: {'line': b'-- Installing: /home/etri/ros2_ws/install/dynamixel_interfaces/include/dynamixel_interfaces/dynamixel_interfaces/msg/detail/dynamixel_state__functions.c\n'}
[1.429556] (dynamixel_interfaces) StdoutLine: {'line': b'-- Installing: /home/etri/ros2_ws/install/dynamixel_interfaces/include/dynamixel_interfaces/dynamixel_interfaces/msg/detail/dynamixel_state__functions.h\n'}
[1.429595] (dynamixel_interfaces) StdoutLine: {'line': b'-- Installing: /home/etri/ros2_ws/install/dynamixel_interfaces/include/dynamixel_interfaces/dynamixel_interfaces/msg/detail/dynamixel_state__struct.h\n'}
[1.429621] (dynamixel_interfaces) StdoutLine: {'line': b'-- Installing: /home/etri/ros2_ws/install/dynamixel_interfaces/include/dynamixel_interfaces/dynamixel_interfaces/msg/detail/dynamixel_state__type_support.h\n'}
[1.429711] (dynamixel_interfaces) StdoutLine: {'line': b'-- Installing: /home/etri/ros2_ws/install/dynamixel_interfaces/include/dynamixel_interfaces/dynamixel_interfaces/msg/dynamixel_state.h\n'}
[1.429737] (dynamixel_interfaces) StdoutLine: {'line': b'-- Installing: /home/etri/ros2_ws/install/dynamixel_interfaces/include/dynamixel_interfaces/dynamixel_interfaces/msg/rosidl_generator_c__visibility_control.h\n'}
[1.429786] (dynamixel_interfaces) StdoutLine: {'line': b'-- Installing: /home/etri/ros2_ws/install/dynamixel_interfaces/share/dynamixel_interfaces/environment/library_path.sh\n'}
[1.429842] (dynamixel_interfaces) StdoutLine: {'line': b'-- Installing: /home/etri/ros2_ws/install/dynamixel_interfaces/share/dynamixel_interfaces/environment/library_path.dsv\n'}
[1.429868] (dynamixel_interfaces) StdoutLine: {'line': b'-- Installing: /home/etri/ros2_ws/install/dynamixel_interfaces/lib/libdynamixel_interfaces__rosidl_generator_c.so\n'}
[1.429888] (dynamixel_interfaces) StdoutLine: {'line': b'-- Set runtime path of "/home/etri/ros2_ws/install/dynamixel_interfaces/lib/libdynamixel_interfaces__rosidl_generator_c.so" to ""\n'}
[1.429909] (dynamixel_interfaces) StdoutLine: {'line': b'-- Up-to-date: /home/etri/ros2_ws/install/dynamixel_interfaces/include/dynamixel_interfaces/dynamixel_interfaces\n'}
[1.429955] (dynamixel_interfaces) StdoutLine: {'line': b'-- Up-to-date: /home/etri/ros2_ws/install/dynamixel_interfaces/include/dynamixel_interfaces/dynamixel_interfaces/srv\n'}
[1.429973] (dynamixel_interfaces) StdoutLine: {'line': b'-- Up-to-date: /home/etri/ros2_ws/install/dynamixel_interfaces/include/dynamixel_interfaces/dynamixel_interfaces/srv/detail\n'}
[1.429991] (dynamixel_interfaces) StdoutLine: {'line': b'-- Installing: /home/etri/ros2_ws/install/dynamixel_interfaces/include/dynamixel_interfaces/dynamixel_interfaces/srv/detail/get_data_from_dxl__rosidl_typesupport_fastrtps_c.h\n'}
[1.430054] (dynamixel_interfaces) StdoutLine: {'line': b'-- Installing: /home/etri/ros2_ws/install/dynamixel_interfaces/include/dynamixel_interfaces/dynamixel_interfaces/srv/detail/reboot_dxl__rosidl_typesupport_fastrtps_c.h\n'}
[1.430081] (dynamixel_interfaces) StdoutLine: {'line': b'-- Installing: /home/etri/ros2_ws/install/dynamixel_interfaces/include/dynamixel_interfaces/dynamixel_interfaces/srv/detail/set_data_to_dxl__rosidl_typesupport_fastrtps_c.h\n'}
[1.430102] (dynamixel_interfaces) StdoutLine: {'line': b'-- Up-to-date: /home/etri/ros2_ws/install/dynamixel_interfaces/include/dynamixel_interfaces/dynamixel_interfaces/msg\n'}
[1.430860] (dynamixel_interfaces) StdoutLine: {'line': b'-- Installing: /home/etri/ros2_ws/install/dynamixel_interfaces/include/dynamixel_interfaces/dynamixel_interfaces/msg/rosidl_typesupport_fastrtps_c__visibility_control.h\n'}
[1.430927] (dynamixel_interfaces) StdoutLine: {'line': b'-- Up-to-date: /home/etri/ros2_ws/install/dynamixel_interfaces/include/dynamixel_interfaces/dynamixel_interfaces/msg/detail\n'}
[1.430949] (dynamixel_interfaces) StdoutLine: {'line': b'-- Installing: /home/etri/ros2_ws/install/dynamixel_interfaces/include/dynamixel_interfaces/dynamixel_interfaces/msg/detail/dynamixel_state__rosidl_typesupport_fastrtps_c.h\n'}
[1.430970] (dynamixel_interfaces) StdoutLine: {'line': b'-- Installing: /home/etri/ros2_ws/install/dynamixel_interfaces/lib/libdynamixel_interfaces__rosidl_typesupport_fastrtps_c.so\n'}
[1.430991] (dynamixel_interfaces) StdoutLine: {'line': b'-- Set runtime path of "/home/etri/ros2_ws/install/dynamixel_interfaces/lib/libdynamixel_interfaces__rosidl_typesupport_fastrtps_c.so" to ""\n'}
[1.431011] (dynamixel_interfaces) StdoutLine: {'line': b'-- Up-to-date: /home/etri/ros2_ws/install/dynamixel_interfaces/include/dynamixel_interfaces/dynamixel_interfaces\n'}
[1.431031] (dynamixel_interfaces) StdoutLine: {'line': b'-- Up-to-date: /home/etri/ros2_ws/install/dynamixel_interfaces/include/dynamixel_interfaces/dynamixel_interfaces/srv\n'}
[1.431050] (dynamixel_interfaces) StdoutLine: {'line': b'-- Installing: /home/etri/ros2_ws/install/dynamixel_interfaces/include/dynamixel_interfaces/dynamixel_interfaces/srv/get_data_from_dxl.hpp\n'}
[1.431069] (dynamixel_interfaces) StdoutLine: {'line': b'-- Up-to-date: /home/etri/ros2_ws/install/dynamixel_interfaces/include/dynamixel_interfaces/dynamixel_interfaces/srv/detail\n'}
[1.431088] (dynamixel_interfaces) StdoutLine: {'line': b'-- Installing: /home/etri/ros2_ws/install/dynamixel_interfaces/include/dynamixel_interfaces/dynamixel_interfaces/srv/detail/reboot_dxl__type_support.hpp\n'}
[1.431146] (dynamixel_interfaces) StdoutLine: {'line': b'-- Installing: /home/etri/ros2_ws/install/dynamixel_interfaces/include/dynamixel_interfaces/dynamixel_interfaces/srv/detail/reboot_dxl__traits.hpp\n'}
[1.431340] (dynamixel_interfaces) StdoutLine: {'line': b'-- Installing: /home/etri/ros2_ws/install/dynamixel_interfaces/include/dynamixel_interfaces/dynamixel_interfaces/srv/detail/set_data_to_dxl__traits.hpp\n'}
[1.431365] (dynamixel_interfaces) StdoutLine: {'line': b'-- Installing: /home/etri/ros2_ws/install/dynamixel_interfaces/include/dynamixel_interfaces/dynamixel_interfaces/srv/detail/get_data_from_dxl__struct.hpp\n'}
[1.431387] (dynamixel_interfaces) StdoutLine: {'line': b'-- Installing: /home/etri/ros2_ws/install/dynamixel_interfaces/include/dynamixel_interfaces/dynamixel_interfaces/srv/detail/set_data_to_dxl__builder.hpp\n'}
[1.431405] (dynamixel_interfaces) StdoutLine: {'line': b'-- Installing: /home/etri/ros2_ws/install/dynamixel_interfaces/include/dynamixel_interfaces/dynamixel_interfaces/srv/detail/set_data_to_dxl__type_support.hpp\n'}
[1.431423] (dynamixel_interfaces) StdoutLine: {'line': b'-- Installing: /home/etri/ros2_ws/install/dynamixel_interfaces/include/dynamixel_interfaces/dynamixel_interfaces/srv/detail/reboot_dxl__builder.hpp\n'}
[1.431439] (dynamixel_interfaces) StdoutLine: {'line': b'-- Installing: /home/etri/ros2_ws/install/dynamixel_interfaces/include/dynamixel_interfaces/dynamixel_interfaces/srv/detail/set_data_to_dxl__struct.hpp\n'}
[1.431455] (dynamixel_interfaces) StdoutLine: {'line': b'-- Installing: /home/etri/ros2_ws/install/dynamixel_interfaces/include/dynamixel_interfaces/dynamixel_interfaces/srv/detail/get_data_from_dxl__builder.hpp\n'}
[1.431471] (dynamixel_interfaces) StdoutLine: {'line': b'-- Installing: /home/etri/ros2_ws/install/dynamixel_interfaces/include/dynamixel_interfaces/dynamixel_interfaces/srv/detail/get_data_from_dxl__type_support.hpp\n'}
[1.431487] (dynamixel_interfaces) StdoutLine: {'line': b'-- Installing: /home/etri/ros2_ws/install/dynamixel_interfaces/include/dynamixel_interfaces/dynamixel_interfaces/srv/detail/reboot_dxl__struct.hpp\n'}
[1.431502] (dynamixel_interfaces) StdoutLine: {'line': b'-- Installing: /home/etri/ros2_ws/install/dynamixel_interfaces/include/dynamixel_interfaces/dynamixel_interfaces/srv/detail/get_data_from_dxl__traits.hpp\n'}
[1.431518] (dynamixel_interfaces) StdoutLine: {'line': b'-- Installing: /home/etri/ros2_ws/install/dynamixel_interfaces/include/dynamixel_interfaces/dynamixel_interfaces/srv/reboot_dxl.hpp\n'}
[1.431535] (dynamixel_interfaces) StdoutLine: {'line': b'-- Installing: /home/etri/ros2_ws/install/dynamixel_interfaces/include/dynamixel_interfaces/dynamixel_interfaces/srv/set_data_to_dxl.hpp\n'}
[1.431592] (dynamixel_interfaces) StdoutLine: {'line': b'-- Up-to-date: /home/etri/ros2_ws/install/dynamixel_interfaces/include/dynamixel_interfaces/dynamixel_interfaces/msg\n'}
[1.431619] (dynamixel_interfaces) StdoutLine: {'line': b'-- Up-to-date: /home/etri/ros2_ws/install/dynamixel_interfaces/include/dynamixel_interfaces/dynamixel_interfaces/msg/detail\n'}
[1.431638] (dynamixel_interfaces) StdoutLine: {'line': b'-- Installing: /home/etri/ros2_ws/install/dynamixel_interfaces/include/dynamixel_interfaces/dynamixel_interfaces/msg/detail/dynamixel_state__traits.hpp\n'}
[1.431657] (dynamixel_interfaces) StdoutLine: {'line': b'-- Installing: /home/etri/ros2_ws/install/dynamixel_interfaces/include/dynamixel_interfaces/dynamixel_interfaces/msg/detail/dynamixel_state__struct.hpp\n'}
[1.431673] (dynamixel_interfaces) StdoutLine: {'line': b'-- Installing: /home/etri/ros2_ws/install/dynamixel_interfaces/include/dynamixel_interfaces/dynamixel_interfaces/msg/detail/dynamixel_state__builder.hpp\n'}
[1.431690] (dynamixel_interfaces) StdoutLine: {'line': b'-- Installing: /home/etri/ros2_ws/install/dynamixel_interfaces/include/dynamixel_interfaces/dynamixel_interfaces/msg/detail/dynamixel_state__type_support.hpp\n'}
[1.431706] (dynamixel_interfaces) StdoutLine: {'line': b'-- Installing: /home/etri/ros2_ws/install/dynamixel_interfaces/include/dynamixel_interfaces/dynamixel_interfaces/msg/rosidl_generator_cpp__visibility_control.hpp\n'}
[1.431723] (dynamixel_interfaces) StdoutLine: {'line': b'-- Installing: /home/etri/ros2_ws/install/dynamixel_interfaces/include/dynamixel_interfaces/dynamixel_interfaces/msg/dynamixel_state.hpp\n'}
[1.431741] (dynamixel_interfaces) StdoutLine: {'line': b'-- Up-to-date: /home/etri/ros2_ws/install/dynamixel_interfaces/include/dynamixel_interfaces/dynamixel_interfaces\n'}
[1.431758] (dynamixel_interfaces) StdoutLine: {'line': b'-- Up-to-date: /home/etri/ros2_ws/install/dynamixel_interfaces/include/dynamixel_interfaces/dynamixel_interfaces/srv\n'}
[1.431774] (dynamixel_interfaces) StdoutLine: {'line': b'-- Up-to-date: /home/etri/ros2_ws/install/dynamixel_interfaces/include/dynamixel_interfaces/dynamixel_interfaces/srv/detail\n'}
[1.431791] (dynamixel_interfaces) StdoutLine: {'line': b'-- Installing: /home/etri/ros2_ws/install/dynamixel_interfaces/include/dynamixel_interfaces/dynamixel_interfaces/srv/detail/get_data_from_dxl__rosidl_typesupport_fastrtps_cpp.hpp\n'}
[1.431810] (dynamixel_interfaces) StdoutLine: {'line': b'-- Installing: /home/etri/ros2_ws/install/dynamixel_interfaces/include/dynamixel_interfaces/dynamixel_interfaces/srv/detail/dds_fastrtps\n'}
[1.431828] (dynamixel_interfaces) StdoutLine: {'line': b'-- Installing: /home/etri/ros2_ws/install/dynamixel_interfaces/include/dynamixel_interfaces/dynamixel_interfaces/srv/detail/reboot_dxl__rosidl_typesupport_fastrtps_cpp.hpp\n'}
[1.431843] (dynamixel_interfaces) StdoutLine: {'line': b'-- Installing: /home/etri/ros2_ws/install/dynamixel_interfaces/include/dynamixel_interfaces/dynamixel_interfaces/srv/detail/set_data_to_dxl__rosidl_typesupport_fastrtps_cpp.hpp\n'}
[1.431859] (dynamixel_interfaces) StdoutLine: {'line': b'-- Up-to-date: /home/etri/ros2_ws/install/dynamixel_interfaces/include/dynamixel_interfaces/dynamixel_interfaces/msg\n'}
[1.431878] (dynamixel_interfaces) StdoutLine: {'line': b'-- Up-to-date: /home/etri/ros2_ws/install/dynamixel_interfaces/include/dynamixel_interfaces/dynamixel_interfaces/msg/detail\n'}
[1.431895] (dynamixel_interfaces) StdoutLine: {'line': b'-- Installing: /home/etri/ros2_ws/install/dynamixel_interfaces/include/dynamixel_interfaces/dynamixel_interfaces/msg/detail/dds_fastrtps\n'}
[1.431913] (dynamixel_interfaces) StdoutLine: {'line': b'-- Installing: /home/etri/ros2_ws/install/dynamixel_interfaces/include/dynamixel_interfaces/dynamixel_interfaces/msg/detail/dynamixel_state__rosidl_typesupport_fastrtps_cpp.hpp\n'}
[1.431933] (dynamixel_interfaces) StdoutLine: {'line': b'-- Installing: /home/etri/ros2_ws/install/dynamixel_interfaces/include/dynamixel_interfaces/dynamixel_interfaces/msg/rosidl_typesupport_fastrtps_cpp__visibility_control.h\n'}
[1.431949] (dynamixel_interfaces) StdoutLine: {'line': b'-- Installing: /home/etri/ros2_ws/install/dynamixel_interfaces/lib/libdynamixel_interfaces__rosidl_typesupport_fastrtps_cpp.so\n'}
[1.431964] (dynamixel_interfaces) StdoutLine: {'line': b'-- Set runtime path of "/home/etri/ros2_ws/install/dynamixel_interfaces/lib/libdynamixel_interfaces__rosidl_typesupport_fastrtps_cpp.so" to ""\n'}
[1.431980] (dynamixel_interfaces) StdoutLine: {'line': b'-- Up-to-date: /home/etri/ros2_ws/install/dynamixel_interfaces/include/dynamixel_interfaces/dynamixel_interfaces\n'}
[1.431996] (dynamixel_interfaces) StdoutLine: {'line': b'-- Up-to-date: /home/etri/ros2_ws/install/dynamixel_interfaces/include/dynamixel_interfaces/dynamixel_interfaces/srv\n'}
[1.432012] (dynamixel_interfaces) StdoutLine: {'line': b'-- Up-to-date: /home/etri/ros2_ws/install/dynamixel_interfaces/include/dynamixel_interfaces/dynamixel_interfaces/srv/detail\n'}
[1.432027] (dynamixel_interfaces) StdoutLine: {'line': b'-- Installing: /home/etri/ros2_ws/install/dynamixel_interfaces/include/dynamixel_interfaces/dynamixel_interfaces/srv/detail/reboot_dxl__type_support.c\n'}
[1.432042] (dynamixel_interfaces) StdoutLine: {'line': b'-- Installing: /home/etri/ros2_ws/install/dynamixel_interfaces/include/dynamixel_interfaces/dynamixel_interfaces/srv/detail/reboot_dxl__rosidl_typesupport_introspection_c.h\n'}
[1.432059] (dynamixel_interfaces) StdoutLine: {'line': b'-- Installing: /home/etri/ros2_ws/install/dynamixel_interfaces/include/dynamixel_interfaces/dynamixel_interfaces/srv/detail/get_data_from_dxl__rosidl_typesupport_introspection_c.h\n'}
[1.432075] (dynamixel_interfaces) StdoutLine: {'line': b'-- Installing: /home/etri/ros2_ws/install/dynamixel_interfaces/include/dynamixel_interfaces/dynamixel_interfaces/srv/detail/set_data_to_dxl__type_support.c\n'}
[1.432090] (dynamixel_interfaces) StdoutLine: {'line': b'-- Installing: /home/etri/ros2_ws/install/dynamixel_interfaces/include/dynamixel_interfaces/dynamixel_interfaces/srv/detail/set_data_to_dxl__rosidl_typesupport_introspection_c.h\n'}
[1.432106] (dynamixel_interfaces) StdoutLine: {'line': b'-- Installing: /home/etri/ros2_ws/install/dynamixel_interfaces/include/dynamixel_interfaces/dynamixel_interfaces/srv/detail/get_data_from_dxl__type_support.c\n'}
[1.432123] (dynamixel_interfaces) StdoutLine: {'line': b'-- Up-to-date: /home/etri/ros2_ws/install/dynamixel_interfaces/include/dynamixel_interfaces/dynamixel_interfaces/msg\n'}
[1.432140] (dynamixel_interfaces) StdoutLine: {'line': b'-- Up-to-date: /home/etri/ros2_ws/install/dynamixel_interfaces/include/dynamixel_interfaces/dynamixel_interfaces/msg/detail\n'}
[1.432156] (dynamixel_interfaces) StdoutLine: {'line': b'-- Installing: /home/etri/ros2_ws/install/dynamixel_interfaces/include/dynamixel_interfaces/dynamixel_interfaces/msg/detail/dynamixel_state__rosidl_typesupport_introspection_c.h\n'}
[1.432172] (dynamixel_interfaces) StdoutLine: {'line': b'-- Installing: /home/etri/ros2_ws/install/dynamixel_interfaces/include/dynamixel_interfaces/dynamixel_interfaces/msg/detail/dynamixel_state__type_support.c\n'}
[1.432188] (dynamixel_interfaces) StdoutLine: {'line': b'-- Installing: /home/etri/ros2_ws/install/dynamixel_interfaces/include/dynamixel_interfaces/dynamixel_interfaces/msg/rosidl_typesupport_introspection_c__visibility_control.h\n'}
[1.432204] (dynamixel_interfaces) StdoutLine: {'line': b'-- Installing: /home/etri/ros2_ws/install/dynamixel_interfaces/lib/libdynamixel_interfaces__rosidl_typesupport_introspection_c.so\n'}
[1.432220] (dynamixel_interfaces) StdoutLine: {'line': b'-- Set runtime path of "/home/etri/ros2_ws/install/dynamixel_interfaces/lib/libdynamixel_interfaces__rosidl_typesupport_introspection_c.so" to ""\n'}
[1.432236] (dynamixel_interfaces) StdoutLine: {'line': b'-- Installing: /home/etri/ros2_ws/install/dynamixel_interfaces/lib/libdynamixel_interfaces__rosidl_typesupport_c.so\n'}
[1.432251] (dynamixel_interfaces) StdoutLine: {'line': b'-- Set runtime path of "/home/etri/ros2_ws/install/dynamixel_interfaces/lib/libdynamixel_interfaces__rosidl_typesupport_c.so" to ""\n'}
[1.432267] (dynamixel_interfaces) StdoutLine: {'line': b'-- Up-to-date: /home/etri/ros2_ws/install/dynamixel_interfaces/include/dynamixel_interfaces/dynamixel_interfaces\n'}
[1.432282] (dynamixel_interfaces) StdoutLine: {'line': b'-- Up-to-date: /home/etri/ros2_ws/install/dynamixel_interfaces/include/dynamixel_interfaces/dynamixel_interfaces/srv\n'}
[1.432297] (dynamixel_interfaces) StdoutLine: {'line': b'-- Up-to-date: /home/etri/ros2_ws/install/dynamixel_interfaces/include/dynamixel_interfaces/dynamixel_interfaces/srv/detail\n'}
[1.432311] (dynamixel_interfaces) StdoutLine: {'line': b'-- Installing: /home/etri/ros2_ws/install/dynamixel_interfaces/include/dynamixel_interfaces/dynamixel_interfaces/srv/detail/get_data_from_dxl__rosidl_typesupport_introspection_cpp.hpp\n'}
[1.432330] (dynamixel_interfaces) StdoutLine: {'line': b'-- Installing: /home/etri/ros2_ws/install/dynamixel_interfaces/include/dynamixel_interfaces/dynamixel_interfaces/srv/detail/reboot_dxl__type_support.cpp\n'}
[1.432345] (dynamixel_interfaces) StdoutLine: {'line': b'-- Installing: /home/etri/ros2_ws/install/dynamixel_interfaces/include/dynamixel_interfaces/dynamixel_interfaces/srv/detail/set_data_to_dxl__rosidl_typesupport_introspection_cpp.hpp\n'}
[1.432360] (dynamixel_interfaces) StdoutLine: {'line': b'-- Installing: /home/etri/ros2_ws/install/dynamixel_interfaces/include/dynamixel_interfaces/dynamixel_interfaces/srv/detail/reboot_dxl__rosidl_typesupport_introspection_cpp.hpp\n'}
[1.432376] (dynamixel_interfaces) StdoutLine: {'line': b'-- Installing: /home/etri/ros2_ws/install/dynamixel_interfaces/include/dynamixel_interfaces/dynamixel_interfaces/srv/detail/set_data_to_dxl__type_support.cpp\n'}
[1.432391] (dynamixel_interfaces) StdoutLine: {'line': b'-- Installing: /home/etri/ros2_ws/install/dynamixel_interfaces/include/dynamixel_interfaces/dynamixel_interfaces/srv/detail/get_data_from_dxl__type_support.cpp\n'}
[1.432406] (dynamixel_interfaces) StdoutLine: {'line': b'-- Up-to-date: /home/etri/ros2_ws/install/dynamixel_interfaces/include/dynamixel_interfaces/dynamixel_interfaces/msg\n'}
[1.432423] (dynamixel_interfaces) StdoutLine: {'line': b'-- Up-to-date: /home/etri/ros2_ws/install/dynamixel_interfaces/include/dynamixel_interfaces/dynamixel_interfaces/msg/detail\n'}
[1.432442] (dynamixel_interfaces) StdoutLine: {'line': b'-- Installing: /home/etri/ros2_ws/install/dynamixel_interfaces/include/dynamixel_interfaces/dynamixel_interfaces/msg/detail/dynamixel_state__type_support.cpp\n'}
[1.432458] (dynamixel_interfaces) StdoutLine: {'line': b'-- Installing: /home/etri/ros2_ws/install/dynamixel_interfaces/include/dynamixel_interfaces/dynamixel_interfaces/msg/detail/dynamixel_state__rosidl_typesupport_introspection_cpp.hpp\n'}
[1.432475] (dynamixel_interfaces) StdoutLine: {'line': b'-- Installing: /home/etri/ros2_ws/install/dynamixel_interfaces/lib/libdynamixel_interfaces__rosidl_typesupport_introspection_cpp.so\n'}
[1.432490] (dynamixel_interfaces) StdoutLine: {'line': b'-- Set runtime path of "/home/etri/ros2_ws/install/dynamixel_interfaces/lib/libdynamixel_interfaces__rosidl_typesupport_introspection_cpp.so" to ""\n'}
[1.432506] (dynamixel_interfaces) StdoutLine: {'line': b'-- Installing: /home/etri/ros2_ws/install/dynamixel_interfaces/lib/libdynamixel_interfaces__rosidl_typesupport_cpp.so\n'}
[1.432522] (dynamixel_interfaces) StdoutLine: {'line': b'-- Set runtime path of "/home/etri/ros2_ws/install/dynamixel_interfaces/lib/libdynamixel_interfaces__rosidl_typesupport_cpp.so" to ""\n'}
[1.432537] (dynamixel_interfaces) StdoutLine: {'line': b'-- Installing: /home/etri/ros2_ws/install/dynamixel_interfaces/share/dynamixel_interfaces/environment/pythonpath.sh\n'}
[1.432552] (dynamixel_interfaces) StdoutLine: {'line': b'-- Installing: /home/etri/ros2_ws/install/dynamixel_interfaces/share/dynamixel_interfaces/environment/pythonpath.dsv\n'}
[1.432568] (dynamixel_interfaces) StdoutLine: {'line': b'-- Installing: /home/etri/ros2_ws/install/dynamixel_interfaces/local/lib/python3.10/dist-packages/dynamixel_interfaces-1.0.1-py3.10.egg-info\n'}
[1.432583] (dynamixel_interfaces) StdoutLine: {'line': b'-- Installing: /home/etri/ros2_ws/install/dynamixel_interfaces/local/lib/python3.10/dist-packages/dynamixel_interfaces-1.0.1-py3.10.egg-info/SOURCES.txt\n'}
[1.432598] (dynamixel_interfaces) StdoutLine: {'line': b'-- Installing: /home/etri/ros2_ws/install/dynamixel_interfaces/local/lib/python3.10/dist-packages/dynamixel_interfaces-1.0.1-py3.10.egg-info/PKG-INFO\n'}
[1.432612] (dynamixel_interfaces) StdoutLine: {'line': b'-- Installing: /home/etri/ros2_ws/install/dynamixel_interfaces/local/lib/python3.10/dist-packages/dynamixel_interfaces-1.0.1-py3.10.egg-info/top_level.txt\n'}
[1.432627] (dynamixel_interfaces) StdoutLine: {'line': b'-- Installing: /home/etri/ros2_ws/install/dynamixel_interfaces/local/lib/python3.10/dist-packages/dynamixel_interfaces-1.0.1-py3.10.egg-info/dependency_links.txt\n'}
[1.432642] (dynamixel_interfaces) StdoutLine: {'line': b'-- Installing: /home/etri/ros2_ws/install/dynamixel_interfaces/local/lib/python3.10/dist-packages/dynamixel_interfaces\n'}
[1.432656] (dynamixel_interfaces) StdoutLine: {'line': b'-- Installing: /home/etri/ros2_ws/install/dynamixel_interfaces/local/lib/python3.10/dist-packages/dynamixel_interfaces/dynamixel_interfaces_s__rosidl_typesupport_introspection_c.cpython-310-x86_64-linux-gnu.so\n'}
[1.432675] (dynamixel_interfaces) StdoutLine: {'line': b'-- Installing: /home/etri/ros2_ws/install/dynamixel_interfaces/local/lib/python3.10/dist-packages/dynamixel_interfaces/__init__.py\n'}
[1.432691] (dynamixel_interfaces) StdoutLine: {'line': b'-- Installing: /home/etri/ros2_ws/install/dynamixel_interfaces/local/lib/python3.10/dist-packages/dynamixel_interfaces/srv\n'}
[1.432706] (dynamixel_interfaces) StdoutLine: {'line': b'-- Installing: /home/etri/ros2_ws/install/dynamixel_interfaces/local/lib/python3.10/dist-packages/dynamixel_interfaces/srv/_get_data_from_dxl.py\n'}
[1.432721] (dynamixel_interfaces) StdoutLine: {'line': b'-- Installing: /home/etri/ros2_ws/install/dynamixel_interfaces/local/lib/python3.10/dist-packages/dynamixel_interfaces/srv/__init__.py\n'}
[1.432737] (dynamixel_interfaces) StdoutLine: {'line': b'-- Installing: /home/etri/ros2_ws/install/dynamixel_interfaces/local/lib/python3.10/dist-packages/dynamixel_interfaces/srv/_set_data_to_dxl.py\n'}
[1.432752] (dynamixel_interfaces) StdoutLine: {'line': b'-- Installing: /home/etri/ros2_ws/install/dynamixel_interfaces/local/lib/python3.10/dist-packages/dynamixel_interfaces/srv/_reboot_dxl_s.c\n'}
[1.432771] (dynamixel_interfaces) StdoutLine: {'line': b'-- Installing: /home/etri/ros2_ws/install/dynamixel_interfaces/local/lib/python3.10/dist-packages/dynamixel_interfaces/srv/_reboot_dxl.py\n'}
[1.432787] (dynamixel_interfaces) StdoutLine: {'line': b'-- Installing: /home/etri/ros2_ws/install/dynamixel_interfaces/local/lib/python3.10/dist-packages/dynamixel_interfaces/srv/_get_data_from_dxl_s.c\n'}
[1.432802] (dynamixel_interfaces) StdoutLine: {'line': b'-- Installing: /home/etri/ros2_ws/install/dynamixel_interfaces/local/lib/python3.10/dist-packages/dynamixel_interfaces/srv/_set_data_to_dxl_s.c\n'}
[1.432821] (dynamixel_interfaces) StdoutLine: {'line': b'-- Installing: /home/etri/ros2_ws/install/dynamixel_interfaces/local/lib/python3.10/dist-packages/dynamixel_interfaces/msg\n'}
[1.432836] (dynamixel_interfaces) StdoutLine: {'line': b'-- Installing: /home/etri/ros2_ws/install/dynamixel_interfaces/local/lib/python3.10/dist-packages/dynamixel_interfaces/msg/_dynamixel_state.py\n'}
[1.432852] (dynamixel_interfaces) StdoutLine: {'line': b'-- Installing: /home/etri/ros2_ws/install/dynamixel_interfaces/local/lib/python3.10/dist-packages/dynamixel_interfaces/msg/__init__.py\n'}
[1.432868] (dynamixel_interfaces) StdoutLine: {'line': b'-- Installing: /home/etri/ros2_ws/install/dynamixel_interfaces/local/lib/python3.10/dist-packages/dynamixel_interfaces/msg/_dynamixel_state_s.c\n'}
[1.432884] (dynamixel_interfaces) StdoutLine: {'line': b'-- Installing: /home/etri/ros2_ws/install/dynamixel_interfaces/local/lib/python3.10/dist-packages/dynamixel_interfaces/_dynamixel_interfaces_s.ep.rosidl_typesupport_c.c\n'}
[1.432901] (dynamixel_interfaces) StdoutLine: {'line': b'-- Installing: /home/etri/ros2_ws/install/dynamixel_interfaces/local/lib/python3.10/dist-packages/dynamixel_interfaces/dynamixel_interfaces_s__rosidl_typesupport_c.cpython-310-x86_64-linux-gnu.so\n'}
[1.432917] (dynamixel_interfaces) StdoutLine: {'line': b'-- Installing: /home/etri/ros2_ws/install/dynamixel_interfaces/local/lib/python3.10/dist-packages/dynamixel_interfaces/dynamixel_interfaces_s__rosidl_typesupport_fastrtps_c.cpython-310-x86_64-linux-gnu.so\n'}
[1.432933] (dynamixel_interfaces) StdoutLine: {'line': b'-- Installing: /home/etri/ros2_ws/install/dynamixel_interfaces/local/lib/python3.10/dist-packages/dynamixel_interfaces/_dynamixel_interfaces_s.ep.rosidl_typesupport_fastrtps_c.c\n'}
[1.432950] (dynamixel_interfaces) StdoutLine: {'line': b'-- Installing: /home/etri/ros2_ws/install/dynamixel_interfaces/local/lib/python3.10/dist-packages/dynamixel_interfaces/libdynamixel_interfaces__rosidl_generator_py.so\n'}
[1.432966] (dynamixel_interfaces) StdoutLine: {'line': b'-- Installing: /home/etri/ros2_ws/install/dynamixel_interfaces/local/lib/python3.10/dist-packages/dynamixel_interfaces/_dynamixel_interfaces_s.ep.rosidl_typesupport_introspection_c.c\n'}
[1.451905] (dynamixel_interfaces) StdoutLine: {'line': b"Listing '/home/etri/ros2_ws/install/dynamixel_interfaces/local/lib/python3.10/dist-packages/dynamixel_interfaces'...\n"}
[1.452051] (dynamixel_interfaces) StdoutLine: {'line': b"Compiling '/home/etri/ros2_ws/install/dynamixel_interfaces/local/lib/python3.10/dist-packages/dynamixel_interfaces/__init__.py'...\n"}
[1.452083] (dynamixel_interfaces) StdoutLine: {'line': b"Listing '/home/etri/ros2_ws/install/dynamixel_interfaces/local/lib/python3.10/dist-packages/dynamixel_interfaces/msg'...\n"}
[1.452105] (dynamixel_interfaces) StdoutLine: {'line': b"Compiling '/home/etri/ros2_ws/install/dynamixel_interfaces/local/lib/python3.10/dist-packages/dynamixel_interfaces/msg/__init__.py'...\n"}
[1.452129] (dynamixel_interfaces) StdoutLine: {'line': b"Compiling '/home/etri/ros2_ws/install/dynamixel_interfaces/local/lib/python3.10/dist-packages/dynamixel_interfaces/msg/_dynamixel_state.py'...\n"}
[1.452148] (dynamixel_interfaces) StdoutLine: {'line': b"Listing '/home/etri/ros2_ws/install/dynamixel_interfaces/local/lib/python3.10/dist-packages/dynamixel_interfaces/srv'...\n"}
[1.452170] (dynamixel_interfaces) StdoutLine: {'line': b"Compiling '/home/etri/ros2_ws/install/dynamixel_interfaces/local/lib/python3.10/dist-packages/dynamixel_interfaces/srv/__init__.py'...\n"}
[1.452189] (dynamixel_interfaces) StdoutLine: {'line': b"Compiling '/home/etri/ros2_ws/install/dynamixel_interfaces/local/lib/python3.10/dist-packages/dynamixel_interfaces/srv/_get_data_from_dxl.py'...\n"}
[1.452207] (dynamixel_interfaces) StdoutLine: {'line': b"Compiling '/home/etri/ros2_ws/install/dynamixel_interfaces/local/lib/python3.10/dist-packages/dynamixel_interfaces/srv/_reboot_dxl.py'...\n"}
[1.452228] (dynamixel_interfaces) StdoutLine: {'line': b"Compiling '/home/etri/ros2_ws/install/dynamixel_interfaces/local/lib/python3.10/dist-packages/dynamixel_interfaces/srv/_set_data_to_dxl.py'...\n"}
[1.455045] (dynamixel_interfaces) StdoutLine: {'line': b'-- Installing: /home/etri/ros2_ws/install/dynamixel_interfaces/local/lib/python3.10/dist-packages/dynamixel_interfaces/dynamixel_interfaces_s__rosidl_typesupport_fastrtps_c.cpython-310-x86_64-linux-gnu.so\n'}
[1.455199] (dynamixel_interfaces) StdoutLine: {'line': b'-- Set runtime path of "/home/etri/ros2_ws/install/dynamixel_interfaces/local/lib/python3.10/dist-packages/dynamixel_interfaces/dynamixel_interfaces_s__rosidl_typesupport_fastrtps_c.cpython-310-x86_64-linux-gnu.so" to ""\n'}
[1.455262] (dynamixel_interfaces) StdoutLine: {'line': b'-- Installing: /home/etri/ros2_ws/install/dynamixel_interfaces/local/lib/python3.10/dist-packages/dynamixel_interfaces/dynamixel_interfaces_s__rosidl_typesupport_introspection_c.cpython-310-x86_64-linux-gnu.so\n'}
[1.455988] (dynamixel_interfaces) StdoutLine: {'line': b'-- Set runtime path of "/home/etri/ros2_ws/install/dynamixel_interfaces/local/lib/python3.10/dist-packages/dynamixel_interfaces/dynamixel_interfaces_s__rosidl_typesupport_introspection_c.cpython-310-x86_64-linux-gnu.so" to ""\n'}
[1.456141] (dynamixel_interfaces) StdoutLine: {'line': b'-- Installing: /home/etri/ros2_ws/install/dynamixel_interfaces/local/lib/python3.10/dist-packages/dynamixel_interfaces/dynamixel_interfaces_s__rosidl_typesupport_c.cpython-310-x86_64-linux-gnu.so\n'}
[1.456270] (dynamixel_interfaces) StdoutLine: {'line': b'-- Set runtime path of "/home/etri/ros2_ws/install/dynamixel_interfaces/local/lib/python3.10/dist-packages/dynamixel_interfaces/dynamixel_interfaces_s__rosidl_typesupport_c.cpython-310-x86_64-linux-gnu.so" to ""\n'}
[1.456337] (dynamixel_interfaces) StdoutLine: {'line': b'-- Installing: /home/etri/ros2_ws/install/dynamixel_interfaces/lib/libdynamixel_interfaces__rosidl_generator_py.so\n'}
[1.456400] (dynamixel_interfaces) StdoutLine: {'line': b'-- Set runtime path of "/home/etri/ros2_ws/install/dynamixel_interfaces/lib/libdynamixel_interfaces__rosidl_generator_py.so" to ""\n'}
[1.456461] (dynamixel_interfaces) StdoutLine: {'line': b'-- Installing: /home/etri/ros2_ws/install/dynamixel_interfaces/share/dynamixel_interfaces/msg/DynamixelState.idl\n'}
[1.456529] (dynamixel_interfaces) StdoutLine: {'line': b'-- Installing: /home/etri/ros2_ws/install/dynamixel_interfaces/share/dynamixel_interfaces/srv/GetDataFromDxl.idl\n'}
[1.457071] (dynamixel_interfaces) StdoutLine: {'line': b'-- Installing: /home/etri/ros2_ws/install/dynamixel_interfaces/share/dynamixel_interfaces/srv/SetDataToDxl.idl\n'}
[1.457581] (dynamixel_interfaces) StdoutLine: {'line': b'-- Installing: /home/etri/ros2_ws/install/dynamixel_interfaces/share/dynamixel_interfaces/srv/RebootDxl.idl\n'}
[1.457681] (dynamixel_interfaces) StdoutLine: {'line': b'-- Installing: /home/etri/ros2_ws/install/dynamixel_interfaces/share/dynamixel_interfaces/msg/DynamixelState.msg\n'}
[1.457755] (dynamixel_interfaces) StdoutLine: {'line': b'-- Installing: /home/etri/ros2_ws/install/dynamixel_interfaces/share/dynamixel_interfaces/srv/GetDataFromDxl.srv\n'}
[1.457890] (dynamixel_interfaces) StdoutLine: {'line': b'-- Installing: /home/etri/ros2_ws/install/dynamixel_interfaces/share/dynamixel_interfaces/srv/GetDataFromDxl_Request.msg\n'}
[1.458012] (dynamixel_interfaces) StdoutLine: {'line': b'-- Installing: /home/etri/ros2_ws/install/dynamixel_interfaces/share/dynamixel_interfaces/srv/GetDataFromDxl_Response.msg\n'}
[1.458081] (dynamixel_interfaces) StdoutLine: {'line': b'-- Installing: /home/etri/ros2_ws/install/dynamixel_interfaces/share/dynamixel_interfaces/srv/SetDataToDxl.srv\n'}
[1.458148] (dynamixel_interfaces) StdoutLine: {'line': b'-- Installing: /home/etri/ros2_ws/install/dynamixel_interfaces/share/dynamixel_interfaces/srv/SetDataToDxl_Request.msg\n'}
[1.458214] (dynamixel_interfaces) StdoutLine: {'line': b'-- Installing: /home/etri/ros2_ws/install/dynamixel_interfaces/share/dynamixel_interfaces/srv/SetDataToDxl_Response.msg\n'}
[1.458280] (dynamixel_interfaces) StdoutLine: {'line': b'-- Installing: /home/etri/ros2_ws/install/dynamixel_interfaces/share/dynamixel_interfaces/srv/RebootDxl.srv\n'}
[1.458347] (dynamixel_interfaces) StdoutLine: {'line': b'-- Installing: /home/etri/ros2_ws/install/dynamixel_interfaces/share/dynamixel_interfaces/srv/RebootDxl_Request.msg\n'}
[1.458413] (dynamixel_interfaces) StdoutLine: {'line': b'-- Installing: /home/etri/ros2_ws/install/dynamixel_interfaces/share/dynamixel_interfaces/srv/RebootDxl_Response.msg\n'}
[1.458479] (dynamixel_interfaces) StdoutLine: {'line': b'-- Installing: /home/etri/ros2_ws/install/dynamixel_interfaces/share/ament_index/resource_index/package_run_dependencies/dynamixel_interfaces\n'}
[1.458546] (dynamixel_interfaces) StdoutLine: {'line': b'-- Installing: /home/etri/ros2_ws/install/dynamixel_interfaces/share/ament_index/resource_index/parent_prefix_path/dynamixel_interfaces\n'}
[1.458695] (dynamixel_interfaces) StdoutLine: {'line': b'-- Installing: /home/etri/ros2_ws/install/dynamixel_interfaces/share/dynamixel_interfaces/environment/ament_prefix_path.sh\n'}
[1.458764] (dynamixel_interfaces) StdoutLine: {'line': b'-- Installing: /home/etri/ros2_ws/install/dynamixel_interfaces/share/dynamixel_interfaces/environment/ament_prefix_path.dsv\n'}
[1.458924] (dynamixel_interfaces) StdoutLine: {'line': b'-- Installing: /home/etri/ros2_ws/install/dynamixel_interfaces/share/dynamixel_interfaces/environment/path.sh\n'}
[1.458991] (dynamixel_interfaces) StdoutLine: {'line': b'-- Installing: /home/etri/ros2_ws/install/dynamixel_interfaces/share/dynamixel_interfaces/environment/path.dsv\n'}
[1.459056] (dynamixel_interfaces) StdoutLine: {'line': b'-- Installing: /home/etri/ros2_ws/install/dynamixel_interfaces/share/dynamixel_interfaces/local_setup.bash\n'}
[1.459120] (dynamixel_interfaces) StdoutLine: {'line': b'-- Installing: /home/etri/ros2_ws/install/dynamixel_interfaces/share/dynamixel_interfaces/local_setup.sh\n'}
[1.459183] (dynamixel_interfaces) StdoutLine: {'line': b'-- Installing: /home/etri/ros2_ws/install/dynamixel_interfaces/share/dynamixel_interfaces/local_setup.zsh\n'}
[1.459248] (dynamixel_interfaces) StdoutLine: {'line': b'-- Installing: /home/etri/ros2_ws/install/dynamixel_interfaces/share/dynamixel_interfaces/local_setup.dsv\n'}
[1.459379] (dynamixel_interfaces) StdoutLine: {'line': b'-- Installing: /home/etri/ros2_ws/install/dynamixel_interfaces/share/dynamixel_interfaces/package.dsv\n'}
[1.459455] (dynamixel_interfaces) StdoutLine: {'line': b'-- Installing: /home/etri/ros2_ws/install/dynamixel_interfaces/share/ament_index/resource_index/packages/dynamixel_interfaces\n'}
[1.459519] (dynamixel_interfaces) StdoutLine: {'line': b'-- Installing: /home/etri/ros2_ws/install/dynamixel_interfaces/share/dynamixel_interfaces/cmake/export_dynamixel_interfaces__rosidl_generator_cExport.cmake\n'}
[1.459644] (dynamixel_interfaces) StdoutLine: {'line': b'-- Installing: /home/etri/ros2_ws/install/dynamixel_interfaces/share/dynamixel_interfaces/cmake/export_dynamixel_interfaces__rosidl_generator_cExport-noconfig.cmake\n'}
[1.459716] (dynamixel_interfaces) StdoutLine: {'line': b'-- Installing: /home/etri/ros2_ws/install/dynamixel_interfaces/share/dynamixel_interfaces/cmake/export_dynamixel_interfaces__rosidl_typesupport_fastrtps_cExport.cmake\n'}
[1.459898] (dynamixel_interfaces) StdoutLine: {'line': b'-- Installing: /home/etri/ros2_ws/install/dynamixel_interfaces/share/dynamixel_interfaces/cmake/export_dynamixel_interfaces__rosidl_typesupport_fastrtps_cExport-noconfig.cmake\n'}
[1.459979] (dynamixel_interfaces) StdoutLine: {'line': b'-- Installing: /home/etri/ros2_ws/install/dynamixel_interfaces/share/dynamixel_interfaces/cmake/export_dynamixel_interfaces__rosidl_generator_cppExport.cmake\n'}
[1.460093] (dynamixel_interfaces) StdoutLine: {'line': b'-- Installing: /home/etri/ros2_ws/install/dynamixel_interfaces/share/dynamixel_interfaces/cmake/export_dynamixel_interfaces__rosidl_typesupport_fastrtps_cppExport.cmake\n'}
[1.460206] (dynamixel_interfaces) StdoutLine: {'line': b'-- Installing: /home/etri/ros2_ws/install/dynamixel_interfaces/share/dynamixel_interfaces/cmake/export_dynamixel_interfaces__rosidl_typesupport_fastrtps_cppExport-noconfig.cmake\n'}
[1.460325] (dynamixel_interfaces) StdoutLine: {'line': b'-- Installing: /home/etri/ros2_ws/install/dynamixel_interfaces/share/dynamixel_interfaces/cmake/dynamixel_interfaces__rosidl_typesupport_introspection_cExport.cmake\n'}
[1.460443] (dynamixel_interfaces) StdoutLine: {'line': b'-- Installing: /home/etri/ros2_ws/install/dynamixel_interfaces/share/dynamixel_interfaces/cmake/dynamixel_interfaces__rosidl_typesupport_introspection_cExport-noconfig.cmake\n'}
[1.460571] (dynamixel_interfaces) StdoutLine: {'line': b'-- Installing: /home/etri/ros2_ws/install/dynamixel_interfaces/share/dynamixel_interfaces/cmake/dynamixel_interfaces__rosidl_typesupport_cExport.cmake\n'}
[1.460701] (dynamixel_interfaces) StdoutLine: {'line': b'-- Installing: /home/etri/ros2_ws/install/dynamixel_interfaces/share/dynamixel_interfaces/cmake/dynamixel_interfaces__rosidl_typesupport_cExport-noconfig.cmake\n'}
[1.460851] (dynamixel_interfaces) StdoutLine: {'line': b'-- Installing: /home/etri/ros2_ws/install/dynamixel_interfaces/share/dynamixel_interfaces/cmake/dynamixel_interfaces__rosidl_typesupport_introspection_cppExport.cmake\n'}
[1.460972] (dynamixel_interfaces) StdoutLine: {'line': b'-- Installing: /home/etri/ros2_ws/install/dynamixel_interfaces/share/dynamixel_interfaces/cmake/dynamixel_interfaces__rosidl_typesupport_introspection_cppExport-noconfig.cmake\n'}
[1.461117] (dynamixel_interfaces) StdoutLine: {'line': b'-- Installing: /home/etri/ros2_ws/install/dynamixel_interfaces/share/dynamixel_interfaces/cmake/dynamixel_interfaces__rosidl_typesupport_cppExport.cmake\n'}
[1.461432] (dynamixel_interfaces) StdoutLine: {'line': b'-- Installing: /home/etri/ros2_ws/install/dynamixel_interfaces/share/dynamixel_interfaces/cmake/dynamixel_interfaces__rosidl_typesupport_cppExport-noconfig.cmake\n'}
[1.461605] (dynamixel_interfaces) StdoutLine: {'line': b'-- Installing: /home/etri/ros2_ws/install/dynamixel_interfaces/share/dynamixel_interfaces/cmake/export_dynamixel_interfaces__rosidl_generator_pyExport.cmake\n'}
[1.461684] (dynamixel_interfaces) StdoutLine: {'line': b'-- Installing: /home/etri/ros2_ws/install/dynamixel_interfaces/share/dynamixel_interfaces/cmake/export_dynamixel_interfaces__rosidl_generator_pyExport-noconfig.cmake\n'}
[1.461817] (dynamixel_interfaces) StdoutLine: {'line': b'-- Installing: /home/etri/ros2_ws/install/dynamixel_interfaces/share/dynamixel_interfaces/cmake/rosidl_cmake-extras.cmake\n'}
[1.461894] (dynamixel_interfaces) StdoutLine: {'line': b'-- Installing: /home/etri/ros2_ws/install/dynamixel_interfaces/share/dynamixel_interfaces/cmake/ament_cmake_export_dependencies-extras.cmake\n'}
[1.462280] (dynamixel_interfaces) StdoutLine: {'line': b'-- Installing: /home/etri/ros2_ws/install/dynamixel_interfaces/share/dynamixel_interfaces/cmake/ament_cmake_export_include_directories-extras.cmake\n'}
[1.462341] (dynamixel_interfaces) StdoutLine: {'line': b'-- Installing: /home/etri/ros2_ws/install/dynamixel_interfaces/share/dynamixel_interfaces/cmake/ament_cmake_export_libraries-extras.cmake\n'}
[1.462386] (dynamixel_interfaces) StdoutLine: {'line': b'-- Installing: /home/etri/ros2_ws/install/dynamixel_interfaces/share/dynamixel_interfaces/cmake/ament_cmake_export_targets-extras.cmake\n'}
[1.462430] (dynamixel_interfaces) StdoutLine: {'line': b'-- Installing: /home/etri/ros2_ws/install/dynamixel_interfaces/share/dynamixel_interfaces/cmake/rosidl_cmake_export_typesupport_targets-extras.cmake\n'}
[1.462527] (dynamixel_interfaces) StdoutLine: {'line': b'-- Installing: /home/etri/ros2_ws/install/dynamixel_interfaces/share/dynamixel_interfaces/cmake/rosidl_cmake_export_typesupport_libraries-extras.cmake\n'}
[1.462594] (dynamixel_interfaces) StdoutLine: {'line': b'-- Installing: /home/etri/ros2_ws/install/dynamixel_interfaces/share/dynamixel_interfaces/cmake/dynamixel_interfacesConfig.cmake\n'}
[1.462635] (dynamixel_interfaces) StdoutLine: {'line': b'-- Installing: /home/etri/ros2_ws/install/dynamixel_interfaces/share/dynamixel_interfaces/cmake/dynamixel_interfacesConfig-version.cmake\n'}
[1.462674] (dynamixel_interfaces) StdoutLine: {'line': b'-- Installing: /home/etri/ros2_ws/install/dynamixel_interfaces/share/dynamixel_interfaces/package.xml\n'}
[1.463932] (dynamixel_interfaces) CommandEnded: {'returncode': 0}
[1.471592] (dynamixel_interfaces) JobEnded: {'identifier': 'dynamixel_interfaces', 'rc': 0}
[1.471751] (dynamixel_hardware_interface) JobStarted: {'identifier': 'dynamixel_hardware_interface'}
[1.481351] (dynamixel_hardware_interface) JobProgress: {'identifier': 'dynamixel_hardware_interface', 'progress': 'cmake'}
[1.481386] (dynamixel_hardware_interface) Command: {'cmd': ['/usr/bin/cmake', '/home/etri/ros2_ws/dynamixel_hardware_interface', '-DCMAKE_INSTALL_PREFIX=/home/etri/ros2_ws/install/dynamixel_hardware_interface'], 'cwd': '/home/etri/ros2_ws/build/dynamixel_hardware_interface', 'env': OrderedDict([('GJS_DEBUG_TOPICS', 'JS ERROR;JS LOG'), ('LESSOPEN', '| /usr/bin/lesspipe %s'), ('VSCODE_CWD', '/home/etri'), ('CURSOR_EXTENSION_HOST_ROLE', 'agent-exec'), ('VSCODE_ESM_ENTRYPOINT', 'vs/workbench/api/node/extensionHostProcess'), ('LANGUAGE', 'ko:en_US:en'), ('USER', 'etri'), ('LC_TIME', 'ko_KR.UTF-8'), ('VSCODE_NLS_CONFIG', '{"userLocale":"ko","osLocale":"ko","resolvedLanguage":"en","defaultMessagesFile":"/usr/share/cursor/resources/app/out/nls.messages.json","locale":"ko","availableLanguages":{}}'), ('CI', '1'), ('VSCODE_HANDLES_UNCAUGHT_ERRORS', 'true'), ('XDG_SESSION_TYPE', 'x11'), ('SHLVL', '0'), ('LD_LIBRARY_PATH', '/home/etri/ros2_ws/install/dynamixel_sdk/lib:/home/etri/ros2_ws/install/dynamixel_interfaces/lib:/home/etri/ros2_ws/install/open_manipulator_collision/lib:/home/etri/ros2_ws/install/om_joint_trajectory_command_broadcaster/lib:/home/etri/ros2_ws/install/dynamixel_hardware_interface/lib:/home/etri/ws_ros2/install/service_interfaces/lib:/opt/ros/humble/opt/rviz_ogre_vendor/lib:/opt/ros/humble/lib/x86_64-linux-gnu:/opt/ros/humble/lib'), ('HOME', '/home/etri'), ('CHROME_DESKTOP', 'cursor.desktop'), ('OLDPWD', '/home/etri/ros2_ws'), ('DESKTOP_SESSION', 'ubuntu'), ('VSCODE_IPC_HOOK', '/run/user/1000/vscode-30070241-2.3.-main.sock'), ('GIO_LAUNCHED_DESKTOP_FILE', '/usr/share/applications/cursor.desktop'), ('ROS_PYTHON_VERSION', '3'), ('GNOME_SHELL_SESSION_MODE', 'ubuntu'), ('GTK_MODULES', 'gail:atk-bridge'), ('LC_MONETARY', 'ko_KR.UTF-8'), ('MANAGERPID', '1861'), ('SYSTEMD_EXEC_PID', '2147'), ('NO_COLOR', '1'), ('DBUS_SESSION_BUS_ADDRESS', 'unix:path=/run/user/1000/bus'), ('GIO_LAUNCHED_DESKTOP_FILE_PID', '5142'), ('VSCODE_CRASH_REPORTER_PROCESS_TYPE', 'extensionHost'), ('COLCON_PREFIX_PATH', '/home/etri/ros2_ws/install:/home/etri/ws_ros2/install'), ('ROS_DISTRO', 'humble'), ('GTK_IM_MODULE', 'ibus'), ('LOGNAME', 'etri'), ('FORCE_COLOR', '0'), ('JOURNAL_STREAM', '8:18509'), ('_', '/usr/bin/colcon'), ('ROS_VERSION', '2'), ('XDG_SESSION_CLASS', 'user'), ('USERNAME', 'etri'), ('TERM', 'dumb'), ('EVERYSPHERE_RIPGREP_PATH', '/usr/share/cursor/resources/app/node_modules/@vscode/ripgrep/bin/rg'), ('GNOME_DESKTOP_SESSION_ID', 'this-is-deprecated'), ('ROS_LOCALHOST_ONLY', '1'), ('WINDOWPATH', '2'), ('PATH', '/opt/ros/humble/bin:/usr/local/sbin:/usr/local/bin:/usr/sbin:/usr/bin:/sbin:/bin:/usr/games:/usr/local/games:/snap/bin:/snap/bin'), ('SESSION_MANAGER', 'local/etri-HP-Z2-Tower-G1i:@/tmp/.ICE-unix/2119,unix/etri-HP-Z2-Tower-G1i:/tmp/.ICE-unix/2119'), ('INVOCATION_ID', '5a99293a9b70420ba5782225baf2f6fe'), ('PAPERSIZE', 'a4'), ('XDG_MENU_PREFIX', 'gnome-'), ('LC_ADDRESS', 'ko_KR.UTF-8'), ('VSCODE_PROCESS_TITLE', 'extension-host (agent-exec) [1-3]'), ('XDG_RUNTIME_DIR', '/run/user/1000'), ('GDK_BACKEND', 'x11'), ('CURSOR_AGENT', '1'), ('DISPLAY', ':1'), ('LANG', 'ko_KR.UTF-8'), ('XDG_CURRENT_DESKTOP', 'Unity'), ('LC_TELEPHONE', 'ko_KR.UTF-8'), ('XMODIFIERS', '@im=ibus'), ('XDG_SESSION_DESKTOP', 'ubuntu'), ('XAUTHORITY', '/run/user/1000/gdm/Xauthority'), ('LS_COLORS', ''), ('CURSOR_TRACE_ID', '292c0dd82b9e4716b7c9a05e3f99dadc'), ('SSH_AGENT_LAUNCHER', 'gnome-keyring'), ('SSH_AUTH_SOCK', '/run/user/1000/keyring/ssh'), ('ROS_DOMAIN_ID', '0'), ('AMENT_PREFIX_PATH', '/home/etri/ros2_ws/install/open_manipulator_teleop:/home/etri/ros2_ws/install/open_manipulator_bringup:/home/etri/ros2_ws/install/open_manipulator_description:/home/etri/ros2_ws/install/open_manipulator_collision:/home/etri/ros2_ws/install/om_joint_trajectory_command_broadcaster:/home/etri/ros2_ws/install/dynamixel_hardware_interface:/home/etri/ros2_ws/install/dynamixel_sdk:/home/etri/ros2_ws/install/dynamixel_interfaces:/home/etri/ros2_ws/install/custom_panda_description:/home/etri/ws_ros2/install/inspire_hand:/home/etri/ws_ros2/install/service_interfaces:/opt/ros/humble'), ('ORIGINAL_XDG_CURRENT_DESKTOP', 'ubuntu:GNOME'), ('SHELL', '/bin/bash'), ('LC_NAME', 'ko_KR.UTF-8'), ('QT_ACCESSIBILITY', '1'), ('GDMSESSION', 'ubuntu'), ('LESSCLOSE', '/usr/bin/lesspipe %s %s'), ('LC_MEASUREMENT', 'ko_KR.UTF-8'), ('GPG_AGENT_INFO', '/run/user/1000/gnupg/S.gpg-agent:0:1'), ('GJS_DEBUG_OUTPUT', 'stderr'), ('LC_IDENTIFICATION', 'ko_KR.UTF-8'), ('QT_IM_MODULE', 'ibus'), ('PWD', '/home/etri/ros2_ws/build/dynamixel_hardware_interface'), ('LC_ALL', 'en_US.UTF-8'), ('XDG_CONFIG_DIRS', '/etc/xdg/xdg-ubuntu:/etc/xdg'), ('VSCODE_CODE_CACHE_PATH', '/home/etri/.config/Cursor/CachedData/643ba67cd252e2888e296dd0cf34a0c5d7625b90'), ('XDG_DATA_DIRS', '/usr/share/ubuntu:/usr/share/gnome:/usr/local/share/:/usr/share/:/var/lib/snapd/desktop'), ('PYTHONPATH', '/home/etri/ros2_ws/build/open_manipulator_teleop:/home/etri/ros2_ws/install/open_manipulator_teleop/lib/python3.10/site-packages:/home/etri/ros2_ws/build/open_manipulator_bringup:/home/etri/ros2_ws/install/open_manipulator_bringup/lib/python3.10/site-packages:/home/etri/ros2_ws/install/dynamixel_sdk/local/lib/python3.10/dist-packages:/home/etri/ros2_ws/install/dynamixel_interfaces/local/lib/python3.10/dist-packages:/home/etri/ws_ros2/install/service_interfaces/local/lib/python3.10/dist-packages:/opt/ros/humble/lib/python3.10/site-packages:/opt/ros/humble/local/lib/python3.10/dist-packages'), ('LC_NUMERIC', 'ko_KR.UTF-8'), ('LC_PAPER', 'ko_KR.UTF-8'), ('COLCON', '1'), ('_ZO_DOCTOR', '0'), ('CMAKE_PREFIX_PATH', '/home/etri/ros2_ws/install/dynamixel_sdk:/home/etri/ros2_ws/install/dynamixel_interfaces:/home/etri/ros2_ws/install/open_manipulator_description:/home/etri/ros2_ws/install/open_manipulator_collision:/home/etri/ros2_ws/install/om_joint_trajectory_command_broadcaster:/home/etri/ros2_ws/install/dynamixel_hardware_interface:/home/etri/ros2_ws/install/custom_panda_description:/home/etri/ws_ros2/install/inspire_hand:/home/etri/ws_ros2/install/service_interfaces:/home/etri/ros2_ws/install/open_manipulator_teleop:/home/etri/ros2_ws/install/open_manipulator_bringup:/opt/ros/humble'), ('VSCODE_PID', '5142')]), 'shell': False}
[1.502920] (-) TimerEvent: {}
[1.507662] (dynamixel_hardware_interface) StdoutLine: {'line': b'-- The C compiler identification is GNU 11.4.0\n'}
[1.536143] (dynamixel_hardware_interface) StdoutLine: {'line': b'-- The CXX compiler identification is GNU 11.4.0\n'}
[1.539509] (dynamixel_hardware_interface) StdoutLine: {'line': b'-- Detecting C compiler ABI info\n'}
[1.588251] (dynamixel_hardware_interface) StdoutLine: {'line': b'-- Detecting C compiler ABI info - done\n'}
[1.591133] (dynamixel_hardware_interface) StdoutLine: {'line': b'-- Check for working C compiler: /usr/bin/cc - skipped\n'}
[1.591237] (dynamixel_hardware_interface) StdoutLine: {'line': b'-- Detecting C compile features\n'}
[1.591407] (dynamixel_hardware_interface) StdoutLine: {'line': b'-- Detecting C compile features - done\n'}
[1.592702] (dynamixel_hardware_interface) StdoutLine: {'line': b'-- Detecting CXX compiler ABI info\n'}
[1.602990] (-) TimerEvent: {}
[1.633897] (dynamixel_hardware_interface) StdoutLine: {'line': b'-- Detecting CXX compiler ABI info - done\n'}
[1.637012] (dynamixel_hardware_interface) StdoutLine: {'line': b'-- Check for working CXX compiler: /usr/bin/c++ - skipped\n'}
[1.637203] (dynamixel_hardware_interface) StdoutLine: {'line': b'-- Detecting CXX compile features\n'}
[1.637641] (dynamixel_hardware_interface) StdoutLine: {'line': b'-- Detecting CXX compile features - done\n'}
[1.638605] (dynamixel_hardware_interface) StdoutLine: {'line': b'-- Found ament_cmake: 1.3.12 (/opt/ros/humble/share/ament_cmake/cmake)\n'}
[1.703085] (-) TimerEvent: {}
[1.713642] (dynamixel_hardware_interface) StdoutLine: {'line': b'-- Found Python3: /usr/bin/python3 (found version "3.10.12") found components: Interpreter \n'}
[1.757647] (dynamixel_hardware_interface) StdoutLine: {'line': b'-- Found hardware_interface: 2.53.0 (/opt/ros/humble/share/hardware_interface/cmake)\n'}
[1.776575] (dynamixel_hardware_interface) StdoutLine: {'line': b'-- Found rosidl_generator_c: 3.1.8 (/opt/ros/humble/share/rosidl_generator_c/cmake)\n'}
[1.778910] (dynamixel_hardware_interface) StdoutLine: {'line': b'-- Found rosidl_adapter: 3.1.8 (/opt/ros/humble/share/rosidl_adapter/cmake)\n'}
[1.782821] (dynamixel_hardware_interface) StdoutLine: {'line': b'-- Found rosidl_generator_cpp: 3.1.8 (/opt/ros/humble/share/rosidl_generator_cpp/cmake)\n'}
[1.788152] (dynamixel_hardware_interface) StdoutLine: {'line': b'-- Using all available rosidl_typesupport_c: rosidl_typesupport_fastrtps_c;rosidl_typesupport_introspection_c\n'}
[1.795373] (dynamixel_hardware_interface) StdoutLine: {'line': b'-- Using all available rosidl_typesupport_cpp: rosidl_typesupport_fastrtps_cpp;rosidl_typesupport_introspection_cpp\n'}
[1.803166] (-) TimerEvent: {}
[1.883057] (dynamixel_hardware_interface) StdoutLine: {'line': b'-- Found rmw_implementation_cmake: 6.1.2 (/opt/ros/humble/share/rmw_implementation_cmake/cmake)\n'}
[1.884373] (dynamixel_hardware_interface) StdoutLine: {'line': b'-- Found rmw_fastrtps_cpp: 6.2.9 (/opt/ros/humble/share/rmw_fastrtps_cpp/cmake)\n'}
[1.895837] (dynamixel_hardware_interface) StdoutLine: {'line': b'-- Found TinyXML2 via Config file: TinyXML2_DIR-NOTFOUND\n'}
[1.903226] (-) TimerEvent: {}
[1.931740] (dynamixel_hardware_interface) StdoutLine: {'line': b'-- Found OpenSSL: /usr/lib/x86_64-linux-gnu/libcrypto.so (found version "3.0.2")  \n'}
[1.933425] (dynamixel_hardware_interface) StdoutLine: {'line': b'-- Found TinyXML2 via Config file: TinyXML2_DIR-NOTFOUND\n'}
[1.940971] (dynamixel_hardware_interface) StdoutLine: {'line': b'-- Found FastRTPS: /opt/ros/humble/include  \n'}
[1.942377] (dynamixel_hardware_interface) StdoutLine: {'line': b'-- Found TinyXML2 via Config file: TinyXML2_DIR-NOTFOUND\n'}
[1.946711] (dynamixel_hardware_interface) StdoutLine: {'line': b'-- Found TinyXML2 via Config file: TinyXML2_DIR-NOTFOUND\n'}
[1.951861] (dynamixel_hardware_interface) StdoutLine: {'line': b"-- Using RMW implementation 'rmw_fastrtps_cpp' as default\n"}
[1.955998] (dynamixel_hardware_interface) StdoutLine: {'line': b'-- Looking for pthread.h\n'}
[1.995205] (dynamixel_hardware_interface) StdoutLine: {'line': b'-- Looking for pthread.h - found\n'}
[1.995311] (dynamixel_hardware_interface) StdoutLine: {'line': b'-- Performing Test CMAKE_HAVE_LIBC_PTHREAD\n'}
[2.003353] (-) TimerEvent: {}
[2.035028] (dynamixel_hardware_interface) StdoutLine: {'line': b'-- Performing Test CMAKE_HAVE_LIBC_PTHREAD - Success\n'}
[2.035162] (dynamixel_hardware_interface) StdoutLine: {'line': b'-- Found Threads: TRUE  \n'}
[2.055918] (dynamixel_hardware_interface) StdoutLine: {'line': b'-- Found realtime_tools: 2.15.0 (/opt/ros/humble/share/realtime_tools/cmake)\n'}
[2.061437] (dynamixel_hardware_interface) StdoutLine: {'line': b'-- Found dynamixel_sdk: 4.0.3 (/home/etri/ros2_ws/install/dynamixel_sdk/share/dynamixel_sdk/cmake)\n'}
[2.062877] (dynamixel_hardware_interface) StdoutLine: {'line': b'-- Found std_srvs: 4.9.0 (/opt/ros/humble/share/std_srvs/cmake)\n'}
[2.066566] (dynamixel_hardware_interface) StdoutLine: {'line': b'-- Found dynamixel_interfaces: 1.0.1 (/home/etri/ros2_ws/install/dynamixel_interfaces/share/dynamixel_interfaces/cmake)\n'}
[2.074099] (dynamixel_hardware_interface) StdoutLine: {'line': b'-- Found ament_lint_auto: 0.12.14 (/opt/ros/humble/share/ament_lint_auto/cmake)\n'}
[2.103451] (-) TimerEvent: {}
[2.113557] (dynamixel_hardware_interface) StdoutLine: {'line': b"-- Added test 'copyright' to check source files copyright and LICENSE\n"}
[2.115508] (dynamixel_hardware_interface) StdoutLine: {'line': b"-- Added test 'cppcheck' to perform static code analysis on C / C++ code\n"}
[2.115699] (dynamixel_hardware_interface) StdoutLine: {'line': b'-- Configured cppcheck include dirs: $<BUILD_INTERFACE:/home/etri/ros2_ws/dynamixel_hardware_interface/include>\n'}
[2.115732] (dynamixel_hardware_interface) StdoutLine: {'line': b'-- Configured cppcheck exclude dirs and/or files: \n'}
[2.117422] (dynamixel_hardware_interface) StdoutLine: {'line': b"-- Added test 'cpplint' to check C / C++ code against the Google style\n"}
[2.117470] (dynamixel_hardware_interface) StdoutLine: {'line': b'-- Configured cpplint exclude dirs and/or files: \n'}
[2.117838] (dynamixel_hardware_interface) StdoutLine: {'line': b"-- Added test 'flake8' to check Python code syntax and style conventions\n"}
[2.118433] (dynamixel_hardware_interface) StdoutLine: {'line': b"-- Added test 'lint_cmake' to check CMake code style\n"}
[2.118820] (dynamixel_hardware_interface) StdoutLine: {'line': b"-- Added test 'pep257' to check Python code against some of the docstring style conventions in PEP 257\n"}
[2.120607] (dynamixel_hardware_interface) StdoutLine: {'line': b"-- Added test 'uncrustify' to check C / C++ code style\n"}
[2.120646] (dynamixel_hardware_interface) StdoutLine: {'line': b'-- Configured uncrustify additional arguments: \n'}
[2.121012] (dynamixel_hardware_interface) StdoutLine: {'line': b"-- Added test 'xmllint' to check XML markup files\n"}
[2.122195] (dynamixel_hardware_interface) StdoutLine: {'line': b'-- Configuring done\n'}
[2.128526] (dynamixel_hardware_interface) StdoutLine: {'line': b'-- Generating done\n'}
[2.130521] (dynamixel_hardware_interface) StdoutLine: {'line': b'-- Build files have been written to: /home/etri/ros2_ws/build/dynamixel_hardware_interface\n'}
[2.136886] (dynamixel_hardware_interface) CommandEnded: {'returncode': 0}
[2.137189] (dynamixel_hardware_interface) JobProgress: {'identifier': 'dynamixel_hardware_interface', 'progress': 'build'}
[2.137334] (dynamixel_hardware_interface) Command: {'cmd': ['/usr/bin/cmake', '--build', '/home/etri/ros2_ws/build/dynamixel_hardware_interface', '--', '-j24', '-l24'], 'cwd': '/home/etri/ros2_ws/build/dynamixel_hardware_interface', 'env': OrderedDict([('GJS_DEBUG_TOPICS', 'JS ERROR;JS LOG'), ('LESSOPEN', '| /usr/bin/lesspipe %s'), ('VSCODE_CWD', '/home/etri'), ('CURSOR_EXTENSION_HOST_ROLE', 'agent-exec'), ('VSCODE_ESM_ENTRYPOINT', 'vs/workbench/api/node/extensionHostProcess'), ('LANGUAGE', 'ko:en_US:en'), ('USER', 'etri'), ('LC_TIME', 'ko_KR.UTF-8'), ('VSCODE_NLS_CONFIG', '{"userLocale":"ko","osLocale":"ko","resolvedLanguage":"en","defaultMessagesFile":"/usr/share/cursor/resources/app/out/nls.messages.json","locale":"ko","availableLanguages":{}}'), ('CI', '1'), ('VSCODE_HANDLES_UNCAUGHT_ERRORS', 'true'), ('XDG_SESSION_TYPE', 'x11'), ('SHLVL', '0'), ('LD_LIBRARY_PATH', '/home/etri/ros2_ws/install/dynamixel_sdk/lib:/home/etri/ros2_ws/install/dynamixel_interfaces/lib:/home/etri/ros2_ws/install/open_manipulator_collision/lib:/home/etri/ros2_ws/install/om_joint_trajectory_command_broadcaster/lib:/home/etri/ros2_ws/install/dynamixel_hardware_interface/lib:/home/etri/ws_ros2/install/service_interfaces/lib:/opt/ros/humble/opt/rviz_ogre_vendor/lib:/opt/ros/humble/lib/x86_64-linux-gnu:/opt/ros/humble/lib'), ('HOME', '/home/etri'), ('CHROME_DESKTOP', 'cursor.desktop'), ('OLDPWD', '/home/etri/ros2_ws'), ('DESKTOP_SESSION', 'ubuntu'), ('VSCODE_IPC_HOOK', '/run/user/1000/vscode-30070241-2.3.-main.sock'), ('GIO_LAUNCHED_DESKTOP_FILE', '/usr/share/applications/cursor.desktop'), ('ROS_PYTHON_VERSION', '3'), ('GNOME_SHELL_SESSION_MODE', 'ubuntu'), ('GTK_MODULES', 'gail:atk-bridge'), ('LC_MONETARY', 'ko_KR.UTF-8'), ('MANAGERPID', '1861'), ('SYSTEMD_EXEC_PID', '2147'), ('NO_COLOR', '1'), ('DBUS_SESSION_BUS_ADDRESS', 'unix:path=/run/user/1000/bus'), ('GIO_LAUNCHED_DESKTOP_FILE_PID', '5142'), ('VSCODE_CRASH_REPORTER_PROCESS_TYPE', 'extensionHost'), ('COLCON_PREFIX_PATH', '/home/etri/ros2_ws/install:/home/etri/ws_ros2/install'), ('ROS_DISTRO', 'humble'), ('GTK_IM_MODULE', 'ibus'), ('LOGNAME', 'etri'), ('FORCE_COLOR', '0'), ('JOURNAL_STREAM', '8:18509'), ('_', '/usr/bin/colcon'), ('ROS_VERSION', '2'), ('XDG_SESSION_CLASS', 'user'), ('USERNAME', 'etri'), ('TERM', 'dumb'), ('EVERYSPHERE_RIPGREP_PATH', '/usr/share/cursor/resources/app/node_modules/@vscode/ripgrep/bin/rg'), ('GNOME_DESKTOP_SESSION_ID', 'this-is-deprecated'), ('ROS_LOCALHOST_ONLY', '1'), ('WINDOWPATH', '2'), ('PATH', '/opt/ros/humble/bin:/usr/local/sbin:/usr/local/bin:/usr/sbin:/usr/bin:/sbin:/bin:/usr/games:/usr/local/games:/snap/bin:/snap/bin'), ('SESSION_MANAGER', 'local/etri-HP-Z2-Tower-G1i:@/tmp/.ICE-unix/2119,unix/etri-HP-Z2-Tower-G1i:/tmp/.ICE-unix/2119'), ('INVOCATION_ID', '5a99293a9b70420ba5782225baf2f6fe'), ('PAPERSIZE', 'a4'), ('XDG_MENU_PREFIX', 'gnome-'), ('LC_ADDRESS', 'ko_KR.UTF-8'), ('VSCODE_PROCESS_TITLE', 'extension-host (agent-exec) [1-3]'), ('XDG_RUNTIME_DIR', '/run/user/1000'), ('GDK_BACKEND', 'x11'), ('CURSOR_AGENT', '1'), ('DISPLAY', ':1'), ('LANG', 'ko_KR.UTF-8'), ('XDG_CURRENT_DESKTOP', 'Unity'), ('LC_TELEPHONE', 'ko_KR.UTF-8'), ('XMODIFIERS', '@im=ibus'), ('XDG_SESSION_DESKTOP', 'ubuntu'), ('XAUTHORITY', '/run/user/1000/gdm/Xauthority'), ('LS_COLORS', ''), ('CURSOR_TRACE_ID', '292c0dd82b9e4716b7c9a05e3f99dadc'), ('SSH_AGENT_LAUNCHER', 'gnome-keyring'), ('SSH_AUTH_SOCK', '/run/user/1000/keyring/ssh'), ('ROS_DOMAIN_ID', '0'), ('AMENT_PREFIX_PATH', '/home/etri/ros2_ws/install/open_manipulator_teleop:/home/etri/ros2_ws/install/open_manipulator_bringup:/home/etri/ros2_ws/install/open_manipulator_description:/home/etri/ros2_ws/install/open_manipulator_collision:/home/etri/ros2_ws/install/om_joint_trajectory_command_broadcaster:/home/etri/ros2_ws/install/dynamixel_hardware_interface:/home/etri/ros2_ws/install/dynamixel_sdk:/home/etri/ros2_ws/install/dynamixel_interfaces:/home/etri/ros2_ws/install/custom_panda_description:/home/etri/ws_ros2/install/inspire_hand:/home/etri/ws_ros2/install/service_interfaces:/opt/ros/humble'), ('ORIGINAL_XDG_CURRENT_DESKTOP', 'ubuntu:GNOME'), ('SHELL', '/bin/bash'), ('LC_NAME', 'ko_KR.UTF-8'), ('QT_ACCESSIBILITY', '1'), ('GDMSESSION', 'ubuntu'), ('LESSCLOSE', '/usr/bin/lesspipe %s %s'), ('LC_MEASUREMENT', 'ko_KR.UTF-8'), ('GPG_AGENT_INFO', '/run/user/1000/gnupg/S.gpg-agent:0:1'), ('GJS_DEBUG_OUTPUT', 'stderr'), ('LC_IDENTIFICATION', 'ko_KR.UTF-8'), ('QT_IM_MODULE', 'ibus'), ('PWD', '/home/etri/ros2_ws/build/dynamixel_hardware_interface'), ('LC_ALL', 'en_US.UTF-8'), ('XDG_CONFIG_DIRS', '/etc/xdg/xdg-ubuntu:/etc/xdg'), ('VSCODE_CODE_CACHE_PATH', '/home/etri/.config/Cursor/CachedData/643ba67cd252e2888e296dd0cf34a0c5d7625b90'), ('XDG_DATA_DIRS', '/usr/share/ubuntu:/usr/share/gnome:/usr/local/share/:/usr/share/:/var/lib/snapd/desktop'), ('PYTHONPATH', '/home/etri/ros2_ws/build/open_manipulator_teleop:/home/etri/ros2_ws/install/open_manipulator_teleop/lib/python3.10/site-packages:/home/etri/ros2_ws/build/open_manipulator_bringup:/home/etri/ros2_ws/install/open_manipulator_bringup/lib/python3.10/site-packages:/home/etri/ros2_ws/install/dynamixel_sdk/local/lib/python3.10/dist-packages:/home/etri/ros2_ws/install/dynamixel_interfaces/local/lib/python3.10/dist-packages:/home/etri/ws_ros2/install/service_interfaces/local/lib/python3.10/dist-packages:/opt/ros/humble/lib/python3.10/site-packages:/opt/ros/humble/local/lib/python3.10/dist-packages'), ('LC_NUMERIC', 'ko_KR.UTF-8'), ('LC_PAPER', 'ko_KR.UTF-8'), ('COLCON', '1'), ('_ZO_DOCTOR', '0'), ('CMAKE_PREFIX_PATH', '/home/etri/ros2_ws/install/dynamixel_sdk:/home/etri/ros2_ws/install/dynamixel_interfaces:/home/etri/ros2_ws/install/open_manipulator_description:/home/etri/ros2_ws/install/open_manipulator_collision:/home/etri/ros2_ws/install/om_joint_trajectory_command_broadcaster:/home/etri/ros2_ws/install/dynamixel_hardware_interface:/home/etri/ros2_ws/install/custom_panda_description:/home/etri/ws_ros2/install/inspire_hand:/home/etri/ws_ros2/install/service_interfaces:/home/etri/ros2_ws/install/open_manipulator_teleop:/home/etri/ros2_ws/install/open_manipulator_bringup:/opt/ros/humble'), ('VSCODE_PID', '5142')]), 'shell': False}
[2.164717] (dynamixel_hardware_interface) StdoutLine: {'line': b'[ 25%] Building CXX object CMakeFiles/dynamixel_hardware_interface.dir/src/dynamixel_hardware_interface.cpp.o\n'}
[2.165483] (dynamixel_hardware_interface) StdoutLine: {'line': b'[ 50%] Building CXX object CMakeFiles/dynamixel_hardware_interface.dir/src/dynamixel/dynamixel_info.cpp.o\n'}
[2.166076] (dynamixel_hardware_interface) StdoutLine: {'line': b'[ 75%] Building CXX object CMakeFiles/dynamixel_hardware_interface.dir/src/dynamixel/dynamixel.cpp.o\n'}
[2.203539] (-) TimerEvent: {}
[2.303699] (-) TimerEvent: {}
[2.403854] (-) TimerEvent: {}
[2.504014] (-) TimerEvent: {}
[2.604174] (-) TimerEvent: {}
[2.704332] (-) TimerEvent: {}
[2.804499] (-) TimerEvent: {}
[2.904664] (-) TimerEvent: {}
[3.004852] (-) TimerEvent: {}
[3.105009] (-) TimerEvent: {}
[3.205170] (-) TimerEvent: {}
[3.305338] (-) TimerEvent: {}
[3.405497] (-) TimerEvent: {}
[3.505662] (-) TimerEvent: {}
[3.605837] (-) TimerEvent: {}
[3.705998] (-) TimerEvent: {}
[3.806174] (-) TimerEvent: {}
[3.906345] (-) TimerEvent: {}
[4.006609] (-) TimerEvent: {}
[4.106871] (-) TimerEvent: {}
[4.207126] (-) TimerEvent: {}
[4.307354] (-) TimerEvent: {}
[4.407581] (-) TimerEvent: {}
[4.507836] (-) TimerEvent: {}
[4.608101] (-) TimerEvent: {}
[4.708413] (-) TimerEvent: {}
[4.808686] (-) TimerEvent: {}
[4.908942] (-) TimerEvent: {}
[5.009203] (-) TimerEvent: {}
[5.109456] (-) TimerEvent: {}
[5.209679] (-) TimerEvent: {}
[5.309926] (-) TimerEvent: {}
[5.410103] (-) TimerEvent: {}
[5.510258] (-) TimerEvent: {}
[5.610420] (-) TimerEvent: {}
[5.710606] (-) TimerEvent: {}
[5.810760] (-) TimerEvent: {}
[5.911064] (-) TimerEvent: {}
[6.011212] (-) TimerEvent: {}
[6.111460] (-) TimerEvent: {}
[6.211846] (-) TimerEvent: {}
[6.312055] (-) TimerEvent: {}
[6.412267] (-) TimerEvent: {}
[6.514738] (-) TimerEvent: {}
[6.534282] (dynamixel_hardware_interface) StdoutLine: {'line': b'[100%] Linking CXX shared library libdynamixel_hardware_interface.so\n'}
[6.614831] (-) TimerEvent: {}
[6.714980] (-) TimerEvent: {}
[6.815136] (-) TimerEvent: {}
[6.823518] (dynamixel_hardware_interface) StdoutLine: {'line': b'[100%] Built target dynamixel_hardware_interface\n'}
[6.828288] (dynamixel_hardware_interface) CommandEnded: {'returncode': 0}
[6.829323] (dynamixel_hardware_interface) JobProgress: {'identifier': 'dynamixel_hardware_interface', 'progress': 'install'}
[6.829342] (dynamixel_hardware_interface) Command: {'cmd': ['/usr/bin/cmake', '--install', '/home/etri/ros2_ws/build/dynamixel_hardware_interface'], 'cwd': '/home/etri/ros2_ws/build/dynamixel_hardware_interface', 'env': OrderedDict([('GJS_DEBUG_TOPICS', 'JS ERROR;JS LOG'), ('LESSOPEN', '| /usr/bin/lesspipe %s'), ('VSCODE_CWD', '/home/etri'), ('CURSOR_EXTENSION_HOST_ROLE', 'agent-exec'), ('VSCODE_ESM_ENTRYPOINT', 'vs/workbench/api/node/extensionHostProcess'), ('LANGUAGE', 'ko:en_US:en'), ('USER', 'etri'), ('LC_TIME', 'ko_KR.UTF-8'), ('VSCODE_NLS_CONFIG', '{"userLocale":"ko","osLocale":"ko","resolvedLanguage":"en","defaultMessagesFile":"/usr/share/cursor/resources/app/out/nls.messages.json","locale":"ko","availableLanguages":{}}'), ('CI', '1'), ('VSCODE_HANDLES_UNCAUGHT_ERRORS', 'true'), ('XDG_SESSION_TYPE', 'x11'), ('SHLVL', '0'), ('LD_LIBRARY_PATH', '/home/etri/ros2_ws/install/dynamixel_sdk/lib:/home/etri/ros2_ws/install/dynamixel_interfaces/lib:/home/etri/ros2_ws/install/open_manipulator_collision/lib:/home/etri/ros2_ws/install/om_joint_trajectory_command_broadcaster/lib:/home/etri/ros2_ws/install/dynamixel_hardware_interface/lib:/home/etri/ws_ros2/install/service_interfaces/lib:/opt/ros/humble/opt/rviz_ogre_vendor/lib:/opt/ros/humble/lib/x86_64-linux-gnu:/opt/ros/humble/lib'), ('HOME', '/home/etri'), ('CHROME_DESKTOP', 'cursor.desktop'), ('OLDPWD', '/home/etri/ros2_ws'), ('DESKTOP_SESSION', 'ubuntu'), ('VSCODE_IPC_HOOK', '/run/user/1000/vscode-30070241-2.3.-main.sock'), ('GIO_LAUNCHED_DESKTOP_FILE', '/usr/share/applications/cursor.desktop'), ('ROS_PYTHON_VERSION', '3'), ('GNOME_SHELL_SESSION_MODE', 'ubuntu'), ('GTK_MODULES', 'gail:atk-bridge'), ('LC_MONETARY', 'ko_KR.UTF-8'), ('MANAGERPID', '1861'), ('SYSTEMD_EXEC_PID', '2147'), ('NO_COLOR', '1'), ('DBUS_SESSION_BUS_ADDRESS', 'unix:path=/run/user/1000/bus'), ('GIO_LAUNCHED_DESKTOP_FILE_PID', '5142'), ('VSCODE_CRASH_REPORTER_PROCESS_TYPE', 'extensionHost'), ('COLCON_PREFIX_PATH', '/home/etri/ros2_ws/install:/home/etri/ws_ros2/install'), ('ROS_DISTRO', 'humble'), ('GTK_IM_MODULE', 'ibus'), ('LOGNAME', 'etri'), ('FORCE_COLOR', '0'), ('JOURNAL_STREAM', '8:18509'), ('_', '/usr/bin/colcon'), ('ROS_VERSION', '2'), ('XDG_SESSION_CLASS', 'user'), ('USERNAME', 'etri'), ('TERM', 'dumb'), ('EVERYSPHERE_RIPGREP_PATH', '/usr/share/cursor/resources/app/node_modules/@vscode/ripgrep/bin/rg'), ('GNOME_DESKTOP_SESSION_ID', 'this-is-deprecated'), ('ROS_LOCALHOST_ONLY', '1'), ('WINDOWPATH', '2'), ('PATH', '/opt/ros/humble/bin:/usr/local/sbin:/usr/local/bin:/usr/sbin:/usr/bin:/sbin:/bin:/usr/games:/usr/local/games:/snap/bin:/snap/bin'), ('SESSION_MANAGER', 'local/etri-HP-Z2-Tower-G1i:@/tmp/.ICE-unix/2119,unix/etri-HP-Z2-Tower-G1i:/tmp/.ICE-unix/2119'), ('INVOCATION_ID', '5a99293a9b70420ba5782225baf2f6fe'), ('PAPERSIZE', 'a4'), ('XDG_MENU_PREFIX', 'gnome-'), ('LC_ADDRESS', 'ko_KR.UTF-8'), ('VSCODE_PROCESS_TITLE', 'extension-host (agent-exec) [1-3]'), ('XDG_RUNTIME_DIR', '/run/user/1000'), ('GDK_BACKEND', 'x11'), ('CURSOR_AGENT', '1'), ('DISPLAY', ':1'), ('LANG', 'ko_KR.UTF-8'), ('XDG_CURRENT_DESKTOP', 'Unity'), ('LC_TELEPHONE', 'ko_KR.UTF-8'), ('XMODIFIERS', '@im=ibus'), ('XDG_SESSION_DESKTOP', 'ubuntu'), ('XAUTHORITY', '/run/user/1000/gdm/Xauthority'), ('LS_COLORS', ''), ('CURSOR_TRACE_ID', '292c0dd82b9e4716b7c9a05e3f99dadc'), ('SSH_AGENT_LAUNCHER', 'gnome-keyring'), ('SSH_AUTH_SOCK', '/run/user/1000/keyring/ssh'), ('ROS_DOMAIN_ID', '0'), ('AMENT_PREFIX_PATH', '/home/etri/ros2_ws/install/open_manipulator_teleop:/home/etri/ros2_ws/install/open_manipulator_bringup:/home/etri/ros2_ws/install/open_manipulator_description:/home/etri/ros2_ws/install/open_manipulator_collision:/home/etri/ros2_ws/install/om_joint_trajectory_command_broadcaster:/home/etri/ros2_ws/install/dynamixel_hardware_interface:/home/etri/ros2_ws/install/dynamixel_sdk:/home/etri/ros2_ws/install/dynamixel_interfaces:/home/etri/ros2_ws/install/custom_panda_description:/home/etri/ws_ros2/install/inspire_hand:/home/etri/ws_ros2/install/service_interfaces:/opt/ros/humble'), ('ORIGINAL_XDG_CURRENT_DESKTOP', 'ubuntu:GNOME'), ('SHELL', '/bin/bash'), ('LC_NAME', 'ko_KR.UTF-8'), ('QT_ACCESSIBILITY', '1'), ('GDMSESSION', 'ubuntu'), ('LESSCLOSE', '/usr/bin/lesspipe %s %s'), ('LC_MEASUREMENT', 'ko_KR.UTF-8'), ('GPG_AGENT_INFO', '/run/user/1000/gnupg/S.gpg-agent:0:1'), ('GJS_DEBUG_OUTPUT', 'stderr'), ('LC_IDENTIFICATION', 'ko_KR.UTF-8'), ('QT_IM_MODULE', 'ibus'), ('PWD', '/home/etri/ros2_ws/build/dynamixel_hardware_interface'), ('LC_ALL', 'en_US.UTF-8'), ('XDG_CONFIG_DIRS', '/etc/xdg/xdg-ubuntu:/etc/xdg'), ('VSCODE_CODE_CACHE_PATH', '/home/etri/.config/Cursor/CachedData/643ba67cd252e2888e296dd0cf34a0c5d7625b90'), ('XDG_DATA_DIRS', '/usr/share/ubuntu:/usr/share/gnome:/usr/local/share/:/usr/share/:/var/lib/snapd/desktop'), ('PYTHONPATH', '/home/etri/ros2_ws/build/open_manipulator_teleop:/home/etri/ros2_ws/install/open_manipulator_teleop/lib/python3.10/site-packages:/home/etri/ros2_ws/build/open_manipulator_bringup:/home/etri/ros2_ws/install/open_manipulator_bringup/lib/python3.10/site-packages:/home/etri/ros2_ws/install/dynamixel_sdk/local/lib/python3.10/dist-packages:/home/etri/ros2_ws/install/dynamixel_interfaces/local/lib/python3.10/dist-packages:/home/etri/ws_ros2/install/service_interfaces/local/lib/python3.10/dist-packages:/opt/ros/humble/lib/python3.10/site-packages:/opt/ros/humble/local/lib/python3.10/dist-packages'), ('LC_NUMERIC', 'ko_KR.UTF-8'), ('LC_PAPER', 'ko_KR.UTF-8'), ('COLCON', '1'), ('_ZO_DOCTOR', '0'), ('CMAKE_PREFIX_PATH', '/home/etri/ros2_ws/install/dynamixel_sdk:/home/etri/ros2_ws/install/dynamixel_interfaces:/home/etri/ros2_ws/install/open_manipulator_description:/home/etri/ros2_ws/install/open_manipulator_collision:/home/etri/ros2_ws/install/om_joint_trajectory_command_broadcaster:/home/etri/ros2_ws/install/dynamixel_hardware_interface:/home/etri/ros2_ws/install/custom_panda_description:/home/etri/ws_ros2/install/inspire_hand:/home/etri/ws_ros2/install/service_interfaces:/home/etri/ros2_ws/install/open_manipulator_teleop:/home/etri/ros2_ws/install/open_manipulator_bringup:/opt/ros/humble'), ('VSCODE_PID', '5142')]), 'shell': False}
[6.833908] (dynamixel_hardware_interface) StdoutLine: {'line': b'-- Install configuration: ""\n'}
[6.834130] (dynamixel_hardware_interface) StdoutLine: {'line': b'-- Installing: /home/etri/ros2_ws/install/dynamixel_hardware_interface/share/dynamixel_hardware_interface/dynamixel_hardware_interface_plugin.xml\n'}
[6.834170] (dynamixel_hardware_interface) StdoutLine: {'line': b'-- Installing: /home/etri/ros2_ws/install/dynamixel_hardware_interface/lib/libdynamixel_hardware_interface.so\n'}
[6.836661] (dynamixel_hardware_interface) StdoutLine: {'line': b'-- Set runtime path of "/home/etri/ros2_ws/install/dynamixel_hardware_interface/lib/libdynamixel_hardware_interface.so" to ""\n'}
[6.836729] (dynamixel_hardware_interface) StdoutLine: {'line': b'-- Installing: /home/etri/ros2_ws/install/dynamixel_hardware_interface/include\n'}
[6.836876] (dynamixel_hardware_interface) StdoutLine: {'line': b'-- Installing: /home/etri/ros2_ws/install/dynamixel_hardware_interface/include/dynamixel_hardware_interface\n'}
[6.836899] (dynamixel_hardware_interface) StdoutLine: {'line': b'-- Installing: /home/etri/ros2_ws/install/dynamixel_hardware_interface/include/dynamixel_hardware_interface/dynamixel\n'}
[6.836920] (dynamixel_hardware_interface) StdoutLine: {'line': b'-- Installing: /home/etri/ros2_ws/install/dynamixel_hardware_interface/include/dynamixel_hardware_interface/dynamixel/dynamixel.hpp\n'}
[6.836940] (dynamixel_hardware_interface) StdoutLine: {'line': b'-- Installing: /home/etri/ros2_ws/install/dynamixel_hardware_interface/include/dynamixel_hardware_interface/dynamixel/dynamixel_info.hpp\n'}
[6.836959] (dynamixel_hardware_interface) StdoutLine: {'line': b'-- Installing: /home/etri/ros2_ws/install/dynamixel_hardware_interface/include/dynamixel_hardware_interface/visibility_control.h\n'}
[6.837040] (dynamixel_hardware_interface) StdoutLine: {'line': b'-- Installing: /home/etri/ros2_ws/install/dynamixel_hardware_interface/include/dynamixel_hardware_interface/dynamixel_hardware_interface.hpp\n'}
[6.837079] (dynamixel_hardware_interface) StdoutLine: {'line': b'-- Installing: /home/etri/ros2_ws/install/dynamixel_hardware_interface/lib/dynamixel_hardware_interface/create_udev_rules\n'}
[6.837750] (dynamixel_hardware_interface) StdoutLine: {'line': b'-- Installing: /home/etri/ros2_ws/install/dynamixel_hardware_interface/share/dynamixel_hardware_interface//scripts\n'}
[6.837771] (dynamixel_hardware_interface) StdoutLine: {'line': b'-- Installing: /home/etri/ros2_ws/install/dynamixel_hardware_interface/share/dynamixel_hardware_interface//scripts/check_model_file_formatting.py\n'}
[6.837853] (dynamixel_hardware_interface) StdoutLine: {'line': b'-- Installing: /home/etri/ros2_ws/install/dynamixel_hardware_interface/share/dynamixel_hardware_interface//scripts/create_udev_rules\n'}
[6.837889] (dynamixel_hardware_interface) StdoutLine: {'line': b'-- Installing: /home/etri/ros2_ws/install/dynamixel_hardware_interface/share/dynamixel_hardware_interface//scripts/99-manipulator-cdc.rules\n'}
[6.837908] (dynamixel_hardware_interface) StdoutLine: {'line': b'-- Installing: /home/etri/ros2_ws/install/dynamixel_hardware_interface/share/dynamixel_hardware_interface//scripts/xml_to_model_parser.py\n'}
[6.837927] (dynamixel_hardware_interface) StdoutLine: {'line': b'-- Installing: /home/etri/ros2_ws/install/dynamixel_hardware_interface/share/dynamixel_hardware_interface//scripts/hx_synctable_model_generator.py\n'}
[6.837944] (dynamixel_hardware_interface) StdoutLine: {'line': b'-- Installing: /home/etri/ros2_ws/install/dynamixel_hardware_interface/share/dynamixel_hardware_interface//scripts/cluster_model_files.py\n'}
[6.837962] (dynamixel_hardware_interface) StdoutLine: {'line': b'-- Installing: /home/etri/ros2_ws/install/dynamixel_hardware_interface/share/dynamixel_hardware_interface/param\n'}
[6.837980] (dynamixel_hardware_interface) StdoutLine: {'line': b'-- Installing: /home/etri/ros2_ws/install/dynamixel_hardware_interface/share/dynamixel_hardware_interface/param/dxl_model\n'}
[6.837998] (dynamixel_hardware_interface) StdoutLine: {'line': b'-- Installing: /home/etri/ros2_ws/install/dynamixel_hardware_interface/share/dynamixel_hardware_interface/param/dxl_model/ffw_sg2_drive_2.model\n'}
[6.838015] (dynamixel_hardware_interface) StdoutLine: {'line': b'-- Installing: /home/etri/ros2_ws/install/dynamixel_hardware_interface/share/dynamixel_hardware_interface/param/dxl_model/xc330_m181_fw52.model\n'}
[6.838032] (dynamixel_hardware_interface) StdoutLine: {'line': b'-- Installing: /home/etri/ros2_ws/install/dynamixel_hardware_interface/share/dynamixel_hardware_interface/param/dxl_model/ph54_100_s500.model\n'}
[6.838048] (dynamixel_hardware_interface) StdoutLine: {'line': b'-- Installing: /home/etri/ros2_ws/install/dynamixel_hardware_interface/share/dynamixel_hardware_interface/param/dxl_model/hx5_d20_r_synctable_1_device_1.model\n'}
[6.838066] (dynamixel_hardware_interface) StdoutLine: {'line': b'-- Installing: /home/etri/ros2_ws/install/dynamixel_hardware_interface/share/dynamixel_hardware_interface/param/dxl_model/ffw_g40_imu.model\n'}
[6.838083] (dynamixel_hardware_interface) StdoutLine: {'line': b'-- Installing: /home/etri/ros2_ws/install/dynamixel_hardware_interface/share/dynamixel_hardware_interface/param/dxl_model/xc430_w240.model\n'}
[6.838099] (dynamixel_hardware_interface) StdoutLine: {'line': b'-- Installing: /home/etri/ros2_ws/install/dynamixel_hardware_interface/share/dynamixel_hardware_interface/param/dxl_model/hx5_d20_r_synctable_1_device_2.model\n'}
[6.838116] (dynamixel_hardware_interface) StdoutLine: {'line': b'-- Installing: /home/etri/ros2_ws/install/dynamixel_hardware_interface/share/dynamixel_hardware_interface/param/dxl_model/pm42_010_s260.model\n'}
[6.838268] (dynamixel_hardware_interface) StdoutLine: {'line': b'-- Installing: /home/etri/ros2_ws/install/dynamixel_hardware_interface/share/dynamixel_hardware_interface/param/dxl_model/hx5_d20_r_synctable_4_device_1.model\n'}
[6.838379] (dynamixel_hardware_interface) StdoutLine: {'line': b'-- Installing: /home/etri/ros2_ws/install/dynamixel_hardware_interface/share/dynamixel_hardware_interface/param/dxl_model/hx5_d20_r_synctable_4_device_2.model\n'}
[6.838401] (dynamixel_hardware_interface) StdoutLine: {'line': b'-- Installing: /home/etri/ros2_ws/install/dynamixel_hardware_interface/share/dynamixel_hardware_interface/param/dxl_model/xh430_v350.model\n'}
[6.838420] (dynamixel_hardware_interface) StdoutLine: {'line': b'-- Installing: /home/etri/ros2_ws/install/dynamixel_hardware_interface/share/dynamixel_hardware_interface/param/dxl_model/xm540_w150.model\n'}
[6.838438] (dynamixel_hardware_interface) StdoutLine: {'line': b'-- Installing: /home/etri/ros2_ws/install/dynamixel_hardware_interface/share/dynamixel_hardware_interface/param/dxl_model/hx5_d20_r_synctable_5_device_5.model\n'}
[6.838457] (dynamixel_hardware_interface) StdoutLine: {'line': b'-- Installing: /home/etri/ros2_ws/install/dynamixel_hardware_interface/share/dynamixel_hardware_interface/param/dxl_model/hx5_d20_r_synctable_5_device_1.model\n'}
[6.838473] (dynamixel_hardware_interface) StdoutLine: {'line': b'-- Installing: /home/etri/ros2_ws/install/dynamixel_hardware_interface/share/dynamixel_hardware_interface/param/dxl_model/hx5_d20_r_synctable_3_device_4.model\n'}
[6.838489] (dynamixel_hardware_interface) StdoutLine: {'line': b'-- Installing: /home/etri/ros2_ws/install/dynamixel_hardware_interface/share/dynamixel_hardware_interface/param/dxl_model/m54_60_s250_ra.model\n'}
[6.838506] (dynamixel_hardware_interface) StdoutLine: {'line': b'-- Installing: /home/etri/ros2_ws/install/dynamixel_hardware_interface/share/dynamixel_hardware_interface/param/dxl_model/hx5_d20_rr.model\n'}
[6.838522] (dynamixel_hardware_interface) StdoutLine: {'line': b'-- Installing: /home/etri/ros2_ws/install/dynamixel_hardware_interface/share/dynamixel_hardware_interface/param/dxl_model/ym070_210_r099.model\n'}
[6.838538] (dynamixel_hardware_interface) StdoutLine: {'line': b'-- Installing: /home/etri/ros2_ws/install/dynamixel_hardware_interface/share/dynamixel_hardware_interface/param/dxl_model/ym070_210_a051.model\n'}
[6.838553] (dynamixel_hardware_interface) StdoutLine: {'line': b'-- Installing: /home/etri/ros2_ws/install/dynamixel_hardware_interface/share/dynamixel_hardware_interface/param/dxl_model/ym080_230_a051.model\n'}
[6.838570] (dynamixel_hardware_interface) StdoutLine: {'line': b'-- Installing: /home/etri/ros2_ws/install/dynamixel_hardware_interface/share/dynamixel_hardware_interface/param/dxl_model/xc330_m181.model\n'}
[6.838585] (dynamixel_hardware_interface) StdoutLine: {'line': b'-- Installing: /home/etri/ros2_ws/install/dynamixel_hardware_interface/share/dynamixel_hardware_interface/param/dxl_model/ffw_g10_led.model\n'}
[6.838666] (dynamixel_hardware_interface) StdoutLine: {'line': b'-- Installing: /home/etri/ros2_ws/install/dynamixel_hardware_interface/share/dynamixel_hardware_interface/param/dxl_model/xw430_t333.model\n'}
[6.838687] (dynamixel_hardware_interface) StdoutLine: {'line': b'-- Installing: /home/etri/ros2_ws/install/dynamixel_hardware_interface/share/dynamixel_hardware_interface/param/dxl_model/hx5_d20_r_synctable_4_device_3.model\n'}
[6.838705] (dynamixel_hardware_interface) StdoutLine: {'line': b'-- Installing: /home/etri/ros2_ws/install/dynamixel_hardware_interface/share/dynamixel_hardware_interface/param/dxl_model/xc330_m288.model\n'}
[6.838725] (dynamixel_hardware_interface) StdoutLine: {'line': b'-- Installing: /home/etri/ros2_ws/install/dynamixel_hardware_interface/share/dynamixel_hardware_interface/param/dxl_model/mx_28.model\n'}
[6.838742] (dynamixel_hardware_interface) StdoutLine: {'line': b'-- Installing: /home/etri/ros2_ws/install/dynamixel_hardware_interface/share/dynamixel_hardware_interface/param/dxl_model/hx5_d20_r_synctable_3_device_2.model\n'}
[6.838762] (dynamixel_hardware_interface) StdoutLine: {'line': b'-- Installing: /home/etri/ros2_ws/install/dynamixel_hardware_interface/share/dynamixel_hardware_interface/param/dxl_model/xw540_t140.model\n'}
[6.838779] (dynamixel_hardware_interface) StdoutLine: {'line': b'-- Installing: /home/etri/ros2_ws/install/dynamixel_hardware_interface/share/dynamixel_hardware_interface/param/dxl_model/m54_40_s250_ra.model\n'}
[6.838872] (dynamixel_hardware_interface) StdoutLine: {'line': b'-- Installing: /home/etri/ros2_ws/install/dynamixel_hardware_interface/share/dynamixel_hardware_interface/param/dxl_model/hx5_d20_r_synctable_5_device_4.model\n'}
[6.838893] (dynamixel_hardware_interface) StdoutLine: {'line': b'-- Installing: /home/etri/ros2_ws/install/dynamixel_hardware_interface/share/dynamixel_hardware_interface/param/dxl_model/xl330_m288.model\n'}
[6.838911] (dynamixel_hardware_interface) StdoutLine: {'line': b'-- Installing: /home/etri/ros2_ws/install/dynamixel_hardware_interface/share/dynamixel_hardware_interface/param/dxl_model/ym070_210_m001.model\n'}
[6.838928] (dynamixel_hardware_interface) StdoutLine: {'line': b'-- Installing: /home/etri/ros2_ws/install/dynamixel_hardware_interface/share/dynamixel_hardware_interface/param/dxl_model/omy_hat.model\n'}
[6.838945] (dynamixel_hardware_interface) StdoutLine: {'line': b'-- Installing: /home/etri/ros2_ws/install/dynamixel_hardware_interface/share/dynamixel_hardware_interface/param/dxl_model/pm54_040_s250.model\n'}
[6.838962] (dynamixel_hardware_interface) StdoutLine: {'line': b'-- Installing: /home/etri/ros2_ws/install/dynamixel_hardware_interface/share/dynamixel_hardware_interface/param/dxl_model/xc330_t288.model\n'}
[6.838979] (dynamixel_hardware_interface) StdoutLine: {'line': b'-- Installing: /home/etri/ros2_ws/install/dynamixel_hardware_interface/share/dynamixel_hardware_interface/param/dxl_model/xh540_w270.model\n'}
[6.838996] (dynamixel_hardware_interface) StdoutLine: {'line': b'-- Installing: /home/etri/ros2_ws/install/dynamixel_hardware_interface/share/dynamixel_hardware_interface/param/dxl_model/sensorxel_joy.model\n'}
[6.839013] (dynamixel_hardware_interface) StdoutLine: {'line': b'-- Installing: /home/etri/ros2_ws/install/dynamixel_hardware_interface/share/dynamixel_hardware_interface/param/dxl_model/xc330_t288_fw52.model\n'}
[6.839030] (dynamixel_hardware_interface) StdoutLine: {'line': b'-- Installing: /home/etri/ros2_ws/install/dynamixel_hardware_interface/share/dynamixel_hardware_interface/param/dxl_model/omy_end_rh_p12_rn.model\n'}
[6.839047] (dynamixel_hardware_interface) StdoutLine: {'line': b'-- Installing: /home/etri/ros2_ws/install/dynamixel_hardware_interface/share/dynamixel_hardware_interface/param/dxl_model/hx5_d20_r_synctable_2_device_3.model\n'}
[6.839063] (dynamixel_hardware_interface) StdoutLine: {'line': b'-- Installing: /home/etri/ros2_ws/install/dynamixel_hardware_interface/share/dynamixel_hardware_interface/param/dxl_model/xh430_w210.model\n'}
[6.839128] (dynamixel_hardware_interface) StdoutLine: {'line': b'-- Installing: /home/etri/ros2_ws/install/dynamixel_hardware_interface/share/dynamixel_hardware_interface/param/dxl_model/xc335_t332.model\n'}
[6.839146] (dynamixel_hardware_interface) StdoutLine: {'line': b'-- Installing: /home/etri/ros2_ws/install/dynamixel_hardware_interface/share/dynamixel_hardware_interface/param/dxl_model/xm540_w270.model\n'}
[6.839163] (dynamixel_hardware_interface) StdoutLine: {'line': b'-- Installing: /home/etri/ros2_ws/install/dynamixel_hardware_interface/share/dynamixel_hardware_interface/param/dxl_model/xl320.model\n'}
[6.839180] (dynamixel_hardware_interface) StdoutLine: {'line': b'-- Installing: /home/etri/ros2_ws/install/dynamixel_hardware_interface/share/dynamixel_hardware_interface/param/dxl_model/m42_10_s260_ra.model\n'}
[6.839197] (dynamixel_hardware_interface) StdoutLine: {'line': b'-- Installing: /home/etri/ros2_ws/install/dynamixel_hardware_interface/share/dynamixel_hardware_interface/param/dxl_model/h54_100_s500_ra.model\n'}
[6.839213] (dynamixel_hardware_interface) StdoutLine: {'line': b'-- Installing: /home/etri/ros2_ws/install/dynamixel_hardware_interface/share/dynamixel_hardware_interface/param/dxl_model/dynamixel.model\n'}
[6.839237] (dynamixel_hardware_interface) StdoutLine: {'line': b'-- Installing: /home/etri/ros2_ws/install/dynamixel_hardware_interface/share/dynamixel_hardware_interface/param/dxl_model/xl330_m077_fw52.model\n'}
[6.839295] (dynamixel_hardware_interface) StdoutLine: {'line': b'-- Installing: /home/etri/ros2_ws/install/dynamixel_hardware_interface/share/dynamixel_hardware_interface/param/dxl_model/hx5_d20_r_synctable_2_device_2.model\n'}
[6.839311] (dynamixel_hardware_interface) StdoutLine: {'line': b'-- Installing: /home/etri/ros2_ws/install/dynamixel_hardware_interface/share/dynamixel_hardware_interface/param/dxl_model/hx5_d20_r_synctable_5_device_3.model\n'}
[6.839326] (dynamixel_hardware_interface) StdoutLine: {'line': b'-- Installing: /home/etri/ros2_ws/install/dynamixel_hardware_interface/share/dynamixel_hardware_interface/param/dxl_model/ffw_g10_rcu.model\n'}
[6.839344] (dynamixel_hardware_interface) StdoutLine: {'line': b'-- Installing: /home/etri/ros2_ws/install/dynamixel_hardware_interface/share/dynamixel_hardware_interface/param/dxl_model/xd430_t350.model\n'}
[6.839359] (dynamixel_hardware_interface) StdoutLine: {'line': b'-- Installing: /home/etri/ros2_ws/install/dynamixel_hardware_interface/share/dynamixel_hardware_interface/param/dxl_model/ym070_210_a099.model\n'}
[6.839374] (dynamixel_hardware_interface) StdoutLine: {'line': b'-- Installing: /home/etri/ros2_ws/install/dynamixel_hardware_interface/share/dynamixel_hardware_interface/param/dxl_model/xw430_t200.model\n'}
[6.839392] (dynamixel_hardware_interface) StdoutLine: {'line': b'-- Installing: /home/etri/ros2_ws/install/dynamixel_hardware_interface/share/dynamixel_hardware_interface/param/dxl_model/hx5_d20_r_synctable_5_device_2.model\n'}
[6.839407] (dynamixel_hardware_interface) StdoutLine: {'line': b'-- Installing: /home/etri/ros2_ws/install/dynamixel_hardware_interface/share/dynamixel_hardware_interface/param/dxl_model/ph54_200_s500.model\n'}
[6.839421] (dynamixel_hardware_interface) StdoutLine: {'line': b'-- Installing: /home/etri/ros2_ws/install/dynamixel_hardware_interface/share/dynamixel_hardware_interface/param/dxl_model/hx5_d20_r_synctable_3_device_3.model\n'}
[6.839436] (dynamixel_hardware_interface) StdoutLine: {'line': b'-- Installing: /home/etri/ros2_ws/install/dynamixel_hardware_interface/share/dynamixel_hardware_interface/param/dxl_model/xw540_h260.model\n'}
[6.839453] (dynamixel_hardware_interface) StdoutLine: {'line': b'-- Installing: /home/etri/ros2_ws/install/dynamixel_hardware_interface/share/dynamixel_hardware_interface/param/dxl_model/hx5_d20_r_synctable_4_device_4.model\n'}
[6.839467] (dynamixel_hardware_interface) StdoutLine: {'line': b'-- Installing: /home/etri/ros2_ws/install/dynamixel_hardware_interface/share/dynamixel_hardware_interface/param/dxl_model/mx_106.model\n'}
[6.839481] (dynamixel_hardware_interface) StdoutLine: {'line': b'-- Installing: /home/etri/ros2_ws/install/dynamixel_hardware_interface/share/dynamixel_hardware_interface/param/dxl_model/ffw_sg2_steer_2.model\n'}
[6.839499] (dynamixel_hardware_interface) StdoutLine: {'line': b'-- Installing: /home/etri/ros2_ws/install/dynamixel_hardware_interface/share/dynamixel_hardware_interface/param/dxl_model/xm430_w350.model\n'}
[6.839514] (dynamixel_hardware_interface) StdoutLine: {'line': b'-- Installing: /home/etri/ros2_ws/install/dynamixel_hardware_interface/share/dynamixel_hardware_interface/param/dxl_model/ym080_230_a099.model\n'}
[6.839529] (dynamixel_hardware_interface) StdoutLine: {'line': b'-- Installing: /home/etri/ros2_ws/install/dynamixel_hardware_interface/share/dynamixel_hardware_interface/param/dxl_model/hx5_d20_r_synctable_2_device_5.model\n'}
[6.839547] (dynamixel_hardware_interface) StdoutLine: {'line': b'-- Installing: /home/etri/ros2_ws/install/dynamixel_hardware_interface/share/dynamixel_hardware_interface/param/dxl_model/hx5_d20_r_synctable_1_device_3.model\n'}
[6.839563] (dynamixel_hardware_interface) StdoutLine: {'line': b'-- Installing: /home/etri/ros2_ws/install/dynamixel_hardware_interface/share/dynamixel_hardware_interface/param/dxl_model/omy_end.model\n'}
[6.839579] (dynamixel_hardware_interface) StdoutLine: {'line': b'-- Installing: /home/etri/ros2_ws/install/dynamixel_hardware_interface/share/dynamixel_hardware_interface/param/dxl_model/2xc430_w250.model\n'}
[6.839598] (dynamixel_hardware_interface) StdoutLine: {'line': b'-- Installing: /home/etri/ros2_ws/install/dynamixel_hardware_interface/share/dynamixel_hardware_interface/param/dxl_model/ym070_210_b001.model\n'}
[6.839612] (dynamixel_hardware_interface) StdoutLine: {'line': b'-- Installing: /home/etri/ros2_ws/install/dynamixel_hardware_interface/share/dynamixel_hardware_interface/param/dxl_model/xd540_t270.model\n'}
[6.839629] (dynamixel_hardware_interface) StdoutLine: {'line': b'-- Installing: /home/etri/ros2_ws/install/dynamixel_hardware_interface/share/dynamixel_hardware_interface/param/dxl_model/pm54_060_s250.model\n'}
[6.839648] (dynamixel_hardware_interface) StdoutLine: {'line': b'-- Installing: /home/etri/ros2_ws/install/dynamixel_hardware_interface/share/dynamixel_hardware_interface/param/dxl_model/xh540_w150.model\n'}
[6.839662] (dynamixel_hardware_interface) StdoutLine: {'line': b'-- Installing: /home/etri/ros2_ws/install/dynamixel_hardware_interface/share/dynamixel_hardware_interface/param/dxl_model/ym080_230_b001.model\n'}
[6.839677] (dynamixel_hardware_interface) StdoutLine: {'line': b'-- Installing: /home/etri/ros2_ws/install/dynamixel_hardware_interface/share/dynamixel_hardware_interface/param/dxl_model/hx5_d20_r_synctable_2_device_1.model\n'}
[6.839692] (dynamixel_hardware_interface) StdoutLine: {'line': b'-- Installing: /home/etri/ros2_ws/install/dynamixel_hardware_interface/share/dynamixel_hardware_interface/param/dxl_model/xh540_v150.model\n'}
[6.839709] (dynamixel_hardware_interface) StdoutLine: {'line': b'-- Installing: /home/etri/ros2_ws/install/dynamixel_hardware_interface/share/dynamixel_hardware_interface/param/dxl_model/ffw_sg2_steer_1.model\n'}
[6.839724] (dynamixel_hardware_interface) StdoutLine: {'line': b'-- Installing: /home/etri/ros2_ws/install/dynamixel_hardware_interface/share/dynamixel_hardware_interface/param/dxl_model/ym080_230_r099.model\n'}
[6.839738] (dynamixel_hardware_interface) StdoutLine: {'line': b'-- Installing: /home/etri/ros2_ws/install/dynamixel_hardware_interface/share/dynamixel_hardware_interface/param/dxl_model/xh430_w350.model\n'}
[6.839755] (dynamixel_hardware_interface) StdoutLine: {'line': b'-- Installing: /home/etri/ros2_ws/install/dynamixel_hardware_interface/share/dynamixel_hardware_interface/param/dxl_model/ym080_230_m001.model\n'}
[6.839770] (dynamixel_hardware_interface) StdoutLine: {'line': b'-- Installing: /home/etri/ros2_ws/install/dynamixel_hardware_interface/share/dynamixel_hardware_interface/param/dxl_model/xl330_m077.model\n'}
[6.839784] (dynamixel_hardware_interface) StdoutLine: {'line': b'-- Installing: /home/etri/ros2_ws/install/dynamixel_hardware_interface/share/dynamixel_hardware_interface/param/dxl_model/h54_200_s500_ra.model\n'}
[6.839802] (dynamixel_hardware_interface) StdoutLine: {'line': b'-- Installing: /home/etri/ros2_ws/install/dynamixel_hardware_interface/share/dynamixel_hardware_interface/param/dxl_model/hx5_d20_r_synctable_3_device_5.model\n'}
[6.839822] (dynamixel_hardware_interface) StdoutLine: {'line': b'-- Installing: /home/etri/ros2_ws/install/dynamixel_hardware_interface/share/dynamixel_hardware_interface/param/dxl_model/xc430_w150.model\n'}
[6.839836] (dynamixel_hardware_interface) StdoutLine: {'line': b'-- Installing: /home/etri/ros2_ws/install/dynamixel_hardware_interface/share/dynamixel_hardware_interface/param/dxl_model/ym070_210_r051.model\n'}
[6.839851] (dynamixel_hardware_interface) StdoutLine: {'line': b'-- Installing: /home/etri/ros2_ws/install/dynamixel_hardware_interface/share/dynamixel_hardware_interface/param/dxl_model/xl330_m288_fw52.model\n'}
[6.839868] (dynamixel_hardware_interface) StdoutLine: {'line': b'-- Installing: /home/etri/ros2_ws/install/dynamixel_hardware_interface/share/dynamixel_hardware_interface/param/dxl_model/hx5_d20_r_synctable_3_device_1.model\n'}
[6.839883] (dynamixel_hardware_interface) StdoutLine: {'line': b'-- Installing: /home/etri/ros2_ws/install/dynamixel_hardware_interface/share/dynamixel_hardware_interface/param/dxl_model/ym080_230_r051.model\n'}
[6.839900] (dynamixel_hardware_interface) StdoutLine: {'line': b'-- Installing: /home/etri/ros2_ws/install/dynamixel_hardware_interface/share/dynamixel_hardware_interface/param/dxl_model/xl430_w250.model\n'}
[6.839917] (dynamixel_hardware_interface) StdoutLine: {'line': b'-- Installing: /home/etri/ros2_ws/install/dynamixel_hardware_interface/share/dynamixel_hardware_interface/param/dxl_model/ffw_sg2_drive_3.model\n'}
[6.839934] (dynamixel_hardware_interface) StdoutLine: {'line': b'-- Installing: /home/etri/ros2_ws/install/dynamixel_hardware_interface/share/dynamixel_hardware_interface/param/dxl_model/xh430_v210.model\n'}
[6.839950] (dynamixel_hardware_interface) StdoutLine: {'line': b'-- Installing: /home/etri/ros2_ws/install/dynamixel_hardware_interface/share/dynamixel_hardware_interface/param/dxl_model/ph42_020_s300.model\n'}
[6.840076] (dynamixel_hardware_interface) StdoutLine: {'line': b'-- Installing: /home/etri/ros2_ws/install/dynamixel_hardware_interface/share/dynamixel_hardware_interface/param/dxl_model/hx5_d20_r_synctable_2_device_4.model\n'}
[6.840205] (dynamixel_hardware_interface) StdoutLine: {'line': b'-- Installing: /home/etri/ros2_ws/install/dynamixel_hardware_interface/share/dynamixel_hardware_interface/param/dxl_model/ffw_sg2_drive_1.model\n'}
[6.840266] (dynamixel_hardware_interface) StdoutLine: {'line': b'-- Installing: /home/etri/ros2_ws/install/dynamixel_hardware_interface/share/dynamixel_hardware_interface/param/dxl_model/mx_64.model\n'}
[6.840288] (dynamixel_hardware_interface) StdoutLine: {'line': b'-- Installing: /home/etri/ros2_ws/install/dynamixel_hardware_interface/share/dynamixel_hardware_interface/param/dxl_model/xc330_t181_fw52.model\n'}
[6.840308] (dynamixel_hardware_interface) StdoutLine: {'line': b'-- Installing: /home/etri/ros2_ws/install/dynamixel_hardware_interface/share/dynamixel_hardware_interface/param/dxl_model/h42_20_s300_ra.model\n'}
[6.840326] (dynamixel_hardware_interface) StdoutLine: {'line': b'-- Installing: /home/etri/ros2_ws/install/dynamixel_hardware_interface/share/dynamixel_hardware_interface/param/dxl_model/xm430_w210.model\n'}
[6.840344] (dynamixel_hardware_interface) StdoutLine: {'line': b'-- Installing: /home/etri/ros2_ws/install/dynamixel_hardware_interface/share/dynamixel_hardware_interface/param/dxl_model/hx5_d20_rl.model\n'}
[6.840362] (dynamixel_hardware_interface) StdoutLine: {'line': b'-- Installing: /home/etri/ros2_ws/install/dynamixel_hardware_interface/share/dynamixel_hardware_interface/param/dxl_model/ffw_sg2_steer_3.model\n'}
[6.840406] (dynamixel_hardware_interface) StdoutLine: {'line': b'-- Installing: /home/etri/ros2_ws/install/dynamixel_hardware_interface/share/dynamixel_hardware_interface/param/dxl_model/xw540_t260.model\n'}
[6.840425] (dynamixel_hardware_interface) StdoutLine: {'line': b'-- Installing: /home/etri/ros2_ws/install/dynamixel_hardware_interface/share/dynamixel_hardware_interface/param/dxl_model/xh540_v270.model\n'}
[6.840463] (dynamixel_hardware_interface) StdoutLine: {'line': b'-- Installing: /home/etri/ros2_ws/install/dynamixel_hardware_interface/share/dynamixel_hardware_interface/param/dxl_model/xc330_m288_fw52.model\n'}
[6.840481] (dynamixel_hardware_interface) StdoutLine: {'line': b'-- Installing: /home/etri/ros2_ws/install/dynamixel_hardware_interface/share/dynamixel_hardware_interface/param/dxl_model/xc330_t181.model\n'}
[6.840519] (dynamixel_hardware_interface) StdoutLine: {'line': b'-- Installing: /home/etri/ros2_ws/install/dynamixel_hardware_interface/share/dynamixel_hardware_interface/param/dxl_model/hx5_d20_r_synctable_1_device_5.model\n'}
[6.840553] (dynamixel_hardware_interface) StdoutLine: {'line': b'-- Installing: /home/etri/ros2_ws/install/dynamixel_hardware_interface/share/dynamixel_hardware_interface/param/dxl_model/xd430_t210.model\n'}
[6.840570] (dynamixel_hardware_interface) StdoutLine: {'line': b'-- Installing: /home/etri/ros2_ws/install/dynamixel_hardware_interface/share/dynamixel_hardware_interface/param/dxl_model/2xl430_w250.model\n'}
[6.840587] (dynamixel_hardware_interface) StdoutLine: {'line': b'-- Installing: /home/etri/ros2_ws/install/dynamixel_hardware_interface/share/dynamixel_hardware_interface/param/dxl_model/hx5_d20_r_synctable_1_device_4.model\n'}
[6.840625] (dynamixel_hardware_interface) StdoutLine: {'line': b'-- Installing: /home/etri/ros2_ws/install/dynamixel_hardware_interface/share/dynamixel_hardware_interface/param/dxl_model/rh_p12_rn.model\n'}
[6.840644] (dynamixel_hardware_interface) StdoutLine: {'line': b'-- Installing: /home/etri/ros2_ws/install/dynamixel_hardware_interface/share/dynamixel_hardware_interface/param/dxl_model/hx5_d20_r_synctable_4_device_5.model\n'}
[6.840661] (dynamixel_hardware_interface) StdoutLine: {'line': b'-- Installing: /home/etri/ros2_ws/install/dynamixel_hardware_interface/share/dynamixel_hardware_interface/param/dxl_model/xd540_t150.model\n'}
[6.840678] (dynamixel_hardware_interface) StdoutLine: {'line': b'-- Installing: /home/etri/ros2_ws/install/dynamixel_hardware_interface/share/dynamixel_hardware_interface/environment/library_path.sh\n'}
[6.840694] (dynamixel_hardware_interface) StdoutLine: {'line': b'-- Installing: /home/etri/ros2_ws/install/dynamixel_hardware_interface/share/dynamixel_hardware_interface/environment/library_path.dsv\n'}
[6.840711] (dynamixel_hardware_interface) StdoutLine: {'line': b'-- Installing: /home/etri/ros2_ws/install/dynamixel_hardware_interface/share/ament_index/resource_index/package_run_dependencies/dynamixel_hardware_interface\n'}
[6.840727] (dynamixel_hardware_interface) StdoutLine: {'line': b'-- Installing: /home/etri/ros2_ws/install/dynamixel_hardware_interface/share/ament_index/resource_index/parent_prefix_path/dynamixel_hardware_interface\n'}
[6.840743] (dynamixel_hardware_interface) StdoutLine: {'line': b'-- Installing: /home/etri/ros2_ws/install/dynamixel_hardware_interface/share/dynamixel_hardware_interface/environment/ament_prefix_path.sh\n'}
[6.840759] (dynamixel_hardware_interface) StdoutLine: {'line': b'-- Installing: /home/etri/ros2_ws/install/dynamixel_hardware_interface/share/dynamixel_hardware_interface/environment/ament_prefix_path.dsv\n'}
[6.840775] (dynamixel_hardware_interface) StdoutLine: {'line': b'-- Installing: /home/etri/ros2_ws/install/dynamixel_hardware_interface/share/dynamixel_hardware_interface/environment/path.sh\n'}
[6.840792] (dynamixel_hardware_interface) StdoutLine: {'line': b'-- Installing: /home/etri/ros2_ws/install/dynamixel_hardware_interface/share/dynamixel_hardware_interface/environment/path.dsv\n'}
[6.840831] (dynamixel_hardware_interface) StdoutLine: {'line': b'-- Installing: /home/etri/ros2_ws/install/dynamixel_hardware_interface/share/dynamixel_hardware_interface/local_setup.bash\n'}
[6.840849] (dynamixel_hardware_interface) StdoutLine: {'line': b'-- Installing: /home/etri/ros2_ws/install/dynamixel_hardware_interface/share/dynamixel_hardware_interface/local_setup.sh\n'}
[6.840864] (dynamixel_hardware_interface) StdoutLine: {'line': b'-- Installing: /home/etri/ros2_ws/install/dynamixel_hardware_interface/share/dynamixel_hardware_interface/local_setup.zsh\n'}
[6.840878] (dynamixel_hardware_interface) StdoutLine: {'line': b'-- Installing: /home/etri/ros2_ws/install/dynamixel_hardware_interface/share/dynamixel_hardware_interface/local_setup.dsv\n'}
[6.840892] (dynamixel_hardware_interface) StdoutLine: {'line': b'-- Installing: /home/etri/ros2_ws/install/dynamixel_hardware_interface/share/dynamixel_hardware_interface/package.dsv\n'}
[6.840906] (dynamixel_hardware_interface) StdoutLine: {'line': b'-- Installing: /home/etri/ros2_ws/install/dynamixel_hardware_interface/share/ament_index/resource_index/packages/dynamixel_hardware_interface\n'}
[6.840920] (dynamixel_hardware_interface) StdoutLine: {'line': b'-- Installing: /home/etri/ros2_ws/install/dynamixel_hardware_interface/share/ament_index/resource_index/hardware_interface__pluginlib__plugin/dynamixel_hardware_interface\n'}
[6.840935] (dynamixel_hardware_interface) StdoutLine: {'line': b'-- Installing: /home/etri/ros2_ws/install/dynamixel_hardware_interface/share/dynamixel_hardware_interface/cmake/export_dynamixel_hardware_interfaceExport.cmake\n'}
[6.840950] (dynamixel_hardware_interface) StdoutLine: {'line': b'-- Installing: /home/etri/ros2_ws/install/dynamixel_hardware_interface/share/dynamixel_hardware_interface/cmake/export_dynamixel_hardware_interfaceExport-noconfig.cmake\n'}
[6.840964] (dynamixel_hardware_interface) StdoutLine: {'line': b'-- Installing: /home/etri/ros2_ws/install/dynamixel_hardware_interface/share/dynamixel_hardware_interface/cmake/ament_cmake_export_include_directories-extras.cmake\n'}
[6.840981] (dynamixel_hardware_interface) StdoutLine: {'line': b'-- Installing: /home/etri/ros2_ws/install/dynamixel_hardware_interface/share/dynamixel_hardware_interface/cmake/ament_cmake_export_libraries-extras.cmake\n'}
[6.840995] (dynamixel_hardware_interface) StdoutLine: {'line': b'-- Installing: /home/etri/ros2_ws/install/dynamixel_hardware_interface/share/dynamixel_hardware_interface/cmake/ament_cmake_export_targets-extras.cmake\n'}
[6.841009] (dynamixel_hardware_interface) StdoutLine: {'line': b'-- Installing: /home/etri/ros2_ws/install/dynamixel_hardware_interface/share/dynamixel_hardware_interface/cmake/ament_cmake_export_dependencies-extras.cmake\n'}
[6.841023] (dynamixel_hardware_interface) StdoutLine: {'line': b'-- Installing: /home/etri/ros2_ws/install/dynamixel_hardware_interface/share/dynamixel_hardware_interface/cmake/dynamixel_hardware_interfaceConfig.cmake\n'}
[6.841037] (dynamixel_hardware_interface) StdoutLine: {'line': b'-- Installing: /home/etri/ros2_ws/install/dynamixel_hardware_interface/share/dynamixel_hardware_interface/cmake/dynamixel_hardware_interfaceConfig-version.cmake\n'}
[6.841051] (dynamixel_hardware_interface) StdoutLine: {'line': b'-- Installing: /home/etri/ros2_ws/install/dynamixel_hardware_interface/share/dynamixel_hardware_interface/package.xml\n'}
[6.841735] (dynamixel_hardware_interface) CommandEnded: {'returncode': 0}
[6.847534] (dynamixel_hardware_interface) JobEnded: {'identifier': 'dynamixel_hardware_interface', 'rc': 0}
[6.847853] (open_manipulator_bringup) JobStarted: {'identifier': 'open_manipulator_bringup'}
[6.915221] (-) TimerEvent: {}
[7.015675] (-) TimerEvent: {}
[7.113020] (open_manipulator_bringup) Command: {'cmd': ['/usr/bin/python3', '-W', 'ignore:setup.py install is deprecated', '-W', 'ignore:easy_install command is deprecated', 'setup.py', 'egg_info', '--egg-base', '../../build/open_manipulator_bringup', 'build', '--build-base', '/home/etri/ros2_ws/build/open_manipulator_bringup/build', 'install', '--record', '/home/etri/ros2_ws/build/open_manipulator_bringup/install.log', '--single-version-externally-managed', 'install_data'], 'cwd': '/home/etri/ros2_ws/open_manipulator/open_manipulator_bringup', 'env': {'GJS_DEBUG_TOPICS': 'JS ERROR;JS LOG', 'LESSOPEN': '| /usr/bin/lesspipe %s', 'VSCODE_CWD': '/home/etri', 'CURSOR_EXTENSION_HOST_ROLE': 'agent-exec', 'VSCODE_ESM_ENTRYPOINT': 'vs/workbench/api/node/extensionHostProcess', 'LANGUAGE': 'ko:en_US:en', 'USER': 'etri', 'LC_TIME': 'ko_KR.UTF-8', 'VSCODE_NLS_CONFIG': '{"userLocale":"ko","osLocale":"ko","resolvedLanguage":"en","defaultMessagesFile":"/usr/share/cursor/resources/app/out/nls.messages.json","locale":"ko","availableLanguages":{}}', 'CI': '1', 'VSCODE_HANDLES_UNCAUGHT_ERRORS': 'true', 'XDG_SESSION_TYPE': 'x11', 'SHLVL': '0', 'LD_LIBRARY_PATH': '/home/etri/ros2_ws/install/dynamixel_hardware_interface/lib:/home/etri/ros2_ws/install/dynamixel_sdk/lib:/home/etri/ros2_ws/install/dynamixel_interfaces/lib:/home/etri/ros2_ws/install/open_manipulator_collision/lib:/home/etri/ros2_ws/install/om_joint_trajectory_command_broadcaster/lib:/home/etri/ws_ros2/install/service_interfaces/lib:/opt/ros/humble/opt/rviz_ogre_vendor/lib:/opt/ros/humble/lib/x86_64-linux-gnu:/opt/ros/humble/lib', 'HOME': '/home/etri', 'CHROME_DESKTOP': 'cursor.desktop', 'OLDPWD': '/home/etri/ros2_ws', 'DESKTOP_SESSION': 'ubuntu', 'VSCODE_IPC_HOOK': '/run/user/1000/vscode-30070241-2.3.-main.sock', 'GIO_LAUNCHED_DESKTOP_FILE': '/usr/share/applications/cursor.desktop', 'ROS_PYTHON_VERSION': '3', 'GNOME_SHELL_SESSION_MODE': 'ubuntu', 'GTK_MODULES': 'gail:atk-bridge', 'LC_MONETARY': 'ko_KR.UTF-8', 'MANAGERPID': '1861', 'SYSTEMD_EXEC_PID': '2147', 'NO_COLOR': '1', 'DBUS_SESSION_BUS_ADDRESS': 'unix:path=/run/user/1000/bus', 'GIO_LAUNCHED_DESKTOP_FILE_PID': '5142', 'VSCODE_CRASH_REPORTER_PROCESS_TYPE': 'extensionHost', 'COLCON_PREFIX_PATH': '/home/etri/ros2_ws/install:/home/etri/ws_ros2/install', 'ROS_DISTRO': 'humble', 'GTK_IM_MODULE': 'ibus', 'LOGNAME': 'etri', 'FORCE_COLOR': '0', 'JOURNAL_STREAM': '8:18509', '_': '/usr/bin/colcon', 'ROS_VERSION': '2', 'XDG_SESSION_CLASS': 'user', 'USERNAME': 'etri', 'TERM': 'dumb', 'EVERYSPHERE_RIPGREP_PATH': '/usr/share/cursor/resources/app/node_modules/@vscode/ripgrep/bin/rg', 'GNOME_DESKTOP_SESSION_ID': 'this-is-deprecated', 'ROS_LOCALHOST_ONLY': '1', 'WINDOWPATH': '2', 'PATH': '/opt/ros/humble/bin:/usr/local/sbin:/usr/local/bin:/usr/sbin:/usr/bin:/sbin:/bin:/usr/games:/usr/local/games:/snap/bin:/snap/bin', 'SESSION_MANAGER': 'local/etri-HP-Z2-Tower-G1i:@/tmp/.ICE-unix/2119,unix/etri-HP-Z2-Tower-G1i:/tmp/.ICE-unix/2119', 'INVOCATION_ID': '5a99293a9b70420ba5782225baf2f6fe', 'PAPERSIZE': 'a4', 'XDG_MENU_PREFIX': 'gnome-', 'LC_ADDRESS': 'ko_KR.UTF-8', 'VSCODE_PROCESS_TITLE': 'extension-host (agent-exec) [1-3]', 'XDG_RUNTIME_DIR': '/run/user/1000', 'GDK_BACKEND': 'x11', 'CURSOR_AGENT': '1', 'DISPLAY': ':1', 'LANG': 'ko_KR.UTF-8', 'XDG_CURRENT_DESKTOP': 'Unity', 'LC_TELEPHONE': 'ko_KR.UTF-8', 'XMODIFIERS': '@im=ibus', 'XDG_SESSION_DESKTOP': 'ubuntu', 'XAUTHORITY': '/run/user/1000/gdm/Xauthority', 'LS_COLORS': '', 'CURSOR_TRACE_ID': '292c0dd82b9e4716b7c9a05e3f99dadc', 'SSH_AGENT_LAUNCHER': 'gnome-keyring', 'SSH_AUTH_SOCK': '/run/user/1000/keyring/ssh', 'ROS_DOMAIN_ID': '0', 'AMENT_PREFIX_PATH': '/home/etri/ros2_ws/install/open_manipulator_teleop:/home/etri/ros2_ws/install/open_manipulator_bringup:/home/etri/ros2_ws/install/open_manipulator_description:/home/etri/ros2_ws/install/open_manipulator_collision:/home/etri/ros2_ws/install/om_joint_trajectory_command_broadcaster:/home/etri/ros2_ws/install/dynamixel_hardware_interface:/home/etri/ros2_ws/install/dynamixel_sdk:/home/etri/ros2_ws/install/dynamixel_interfaces:/home/etri/ros2_ws/install/custom_panda_description:/home/etri/ws_ros2/install/inspire_hand:/home/etri/ws_ros2/install/service_interfaces:/opt/ros/humble', 'ORIGINAL_XDG_CURRENT_DESKTOP': 'ubuntu:GNOME', 'SHELL': '/bin/bash', 'LC_NAME': 'ko_KR.UTF-8', 'QT_ACCESSIBILITY': '1', 'GDMSESSION': 'ubuntu', 'LESSCLOSE': '/usr/bin/lesspipe %s %s', 'LC_MEASUREMENT': 'ko_KR.UTF-8', 'GPG_AGENT_INFO': '/run/user/1000/gnupg/S.gpg-agent:0:1', 'GJS_DEBUG_OUTPUT': 'stderr', 'LC_IDENTIFICATION': 'ko_KR.UTF-8', 'QT_IM_MODULE': 'ibus', 'PWD': '/home/etri/ros2_ws/build/open_manipulator_bringup', 'LC_ALL': 'en_US.UTF-8', 'XDG_CONFIG_DIRS': '/etc/xdg/xdg-ubuntu:/etc/xdg', 'VSCODE_CODE_CACHE_PATH': '/home/etri/.config/Cursor/CachedData/643ba67cd252e2888e296dd0cf34a0c5d7625b90', 'XDG_DATA_DIRS': '/usr/share/ubuntu:/usr/share/gnome:/usr/local/share/:/usr/share/:/var/lib/snapd/desktop', 'PYTHONPATH': '/home/etri/ros2_ws/build/open_manipulator_bringup/prefix_override:/usr/lib/python3/dist-packages/colcon_core/task/python/colcon_distutils_commands:/home/etri/ros2_ws/install/open_manipulator_bringup/lib/python3.10/site-packages:/home/etri/ros2_ws/build/open_manipulator_teleop:/home/etri/ros2_ws/install/open_manipulator_teleop/lib/python3.10/site-packages:/home/etri/ros2_ws/build/open_manipulator_bringup:/home/etri/ros2_ws/install/open_manipulator_bringup/lib/python3.10/site-packages:/home/etri/ros2_ws/install/dynamixel_sdk/local/lib/python3.10/dist-packages:/home/etri/ros2_ws/install/dynamixel_interfaces/local/lib/python3.10/dist-packages:/home/etri/ws_ros2/install/service_interfaces/local/lib/python3.10/dist-packages:/opt/ros/humble/lib/python3.10/site-packages:/opt/ros/humble/local/lib/python3.10/dist-packages', 'LC_NUMERIC': 'ko_KR.UTF-8', 'LC_PAPER': 'ko_KR.UTF-8', 'COLCON': '1', '_ZO_DOCTOR': '0', 'CMAKE_PREFIX_PATH': '/home/etri/ros2_ws/install/dynamixel_hardware_interface:/home/etri/ros2_ws/install/open_manipulator_description:/home/etri/ros2_ws/install/dynamixel_sdk:/home/etri/ros2_ws/install/dynamixel_interfaces:/home/etri/ros2_ws/install/open_manipulator_collision:/home/etri/ros2_ws/install/om_joint_trajectory_command_broadcaster:/home/etri/ros2_ws/install/custom_panda_description:/home/etri/ws_ros2/install/inspire_hand:/home/etri/ws_ros2/install/service_interfaces', 'VSCODE_PID': '5142'}, 'shell': False}
[7.115727] (-) TimerEvent: {}
[7.209230] (open_manipulator_bringup) StdoutLine: {'line': b'running egg_info\n'}
[7.209390] (open_manipulator_bringup) StdoutLine: {'line': b'creating ../../build/open_manipulator_bringup/open_manipulator_bringup.egg-info\n'}
[7.209454] (open_manipulator_bringup) StdoutLine: {'line': b'writing ../../build/open_manipulator_bringup/open_manipulator_bringup.egg-info/PKG-INFO\n'}
[7.209540] (open_manipulator_bringup) StdoutLine: {'line': b'writing dependency_links to ../../build/open_manipulator_bringup/open_manipulator_bringup.egg-info/dependency_links.txt\n'}
[7.209616] (open_manipulator_bringup) StdoutLine: {'line': b'writing entry points to ../../build/open_manipulator_bringup/open_manipulator_bringup.egg-info/entry_points.txt\n'}
[7.209644] (open_manipulator_bringup) StdoutLine: {'line': b'writing requirements to ../../build/open_manipulator_bringup/open_manipulator_bringup.egg-info/requires.txt\n'}
[7.209666] (open_manipulator_bringup) StdoutLine: {'line': b'writing top-level names to ../../build/open_manipulator_bringup/open_manipulator_bringup.egg-info/top_level.txt\n'}
[7.209706] (open_manipulator_bringup) StdoutLine: {'line': b"writing manifest file '../../build/open_manipulator_bringup/open_manipulator_bringup.egg-info/SOURCES.txt'\n"}
[7.210319] (open_manipulator_bringup) StdoutLine: {'line': b"reading manifest file '../../build/open_manipulator_bringup/open_manipulator_bringup.egg-info/SOURCES.txt'\n"}
[7.210775] (open_manipulator_bringup) StdoutLine: {'line': b"writing manifest file '../../build/open_manipulator_bringup/open_manipulator_bringup.egg-info/SOURCES.txt'\n"}
[7.210975] (open_manipulator_bringup) StdoutLine: {'line': b'running build\n'}
[7.211002] (open_manipulator_bringup) StdoutLine: {'line': b'running build_py\n'}
[7.211022] (open_manipulator_bringup) StdoutLine: {'line': b'creating /home/etri/ros2_ws/build/open_manipulator_bringup/build\n'}
[7.211039] (open_manipulator_bringup) StdoutLine: {'line': b'creating /home/etri/ros2_ws/build/open_manipulator_bringup/build/lib\n'}
[7.211057] (open_manipulator_bringup) StdoutLine: {'line': b'creating /home/etri/ros2_ws/build/open_manipulator_bringup/build/lib/open_manipulator_bringup\n'}
[7.211102] (open_manipulator_bringup) StdoutLine: {'line': b'copying open_manipulator_bringup/__init__.py -> /home/etri/ros2_ws/build/open_manipulator_bringup/build/lib/open_manipulator_bringup\n'}
[7.211126] (open_manipulator_bringup) StdoutLine: {'line': b'copying open_manipulator_bringup/joint_trajectory_executor.py -> /home/etri/ros2_ws/build/open_manipulator_bringup/build/lib/open_manipulator_bringup\n'}
[7.211144] (open_manipulator_bringup) StdoutLine: {'line': b'copying open_manipulator_bringup/om_create_udev_rules.py -> /home/etri/ros2_ws/build/open_manipulator_bringup/build/lib/open_manipulator_bringup\n'}
[7.211163] (open_manipulator_bringup) StdoutLine: {'line': b'running install\n'}
[7.212052] (open_manipulator_bringup) StdoutLine: {'line': b'running install_lib\n'}
[7.212078] (open_manipulator_bringup) StdoutLine: {'line': b'creating /home/etri/ros2_ws/install/open_manipulator_bringup/lib/python3.10/site-packages/open_manipulator_bringup\n'}
[7.212097] (open_manipulator_bringup) StdoutLine: {'line': b'copying /home/etri/ros2_ws/build/open_manipulator_bringup/build/lib/open_manipulator_bringup/__init__.py -> /home/etri/ros2_ws/install/open_manipulator_bringup/lib/python3.10/site-packages/open_manipulator_bringup\n'}
[7.212116] (open_manipulator_bringup) StdoutLine: {'line': b'copying /home/etri/ros2_ws/build/open_manipulator_bringup/build/lib/open_manipulator_bringup/joint_trajectory_executor.py -> /home/etri/ros2_ws/install/open_manipulator_bringup/lib/python3.10/site-packages/open_manipulator_bringup\n'}
[7.212137] (open_manipulator_bringup) StdoutLine: {'line': b'copying /home/etri/ros2_ws/build/open_manipulator_bringup/build/lib/open_manipulator_bringup/om_create_udev_rules.py -> /home/etri/ros2_ws/install/open_manipulator_bringup/lib/python3.10/site-packages/open_manipulator_bringup\n'}
[7.212156] (open_manipulator_bringup) StdoutLine: {'line': b'byte-compiling /home/etri/ros2_ws/install/open_manipulator_bringup/lib/python3.10/site-packages/open_manipulator_bringup/__init__.py to __init__.cpython-310.pyc\n'}
[7.212172] (open_manipulator_bringup) StdoutLine: {'line': b'byte-compiling /home/etri/ros2_ws/install/open_manipulator_bringup/lib/python3.10/site-packages/open_manipulator_bringup/joint_trajectory_executor.py to joint_trajectory_executor.cpython-310.pyc\n'}
[7.212592] (open_manipulator_bringup) StdoutLine: {'line': b'byte-compiling /home/etri/ros2_ws/install/open_manipulator_bringup/lib/python3.10/site-packages/open_manipulator_bringup/om_create_udev_rules.py to om_create_udev_rules.cpython-310.pyc\n'}
[7.212712] (open_manipulator_bringup) StdoutLine: {'line': b'running install_data\n'}
[7.212759] (open_manipulator_bringup) StdoutLine: {'line': b'creating /home/etri/ros2_ws/install/open_manipulator_bringup/share/ament_index\n'}
[7.212782] (open_manipulator_bringup) StdoutLine: {'line': b'creating /home/etri/ros2_ws/install/open_manipulator_bringup/share/ament_index/resource_index\n'}
[7.212829] (open_manipulator_bringup) StdoutLine: {'line': b'creating /home/etri/ros2_ws/install/open_manipulator_bringup/share/ament_index/resource_index/packages\n'}
[7.212854] (open_manipulator_bringup) StdoutLine: {'line': b'copying resource/open_manipulator_bringup -> /home/etri/ros2_ws/install/open_manipulator_bringup/share/ament_index/resource_index/packages\n'}
[7.212873] (open_manipulator_bringup) StdoutLine: {'line': b'copying package.xml -> /home/etri/ros2_ws/install/open_manipulator_bringup/share/open_manipulator_bringup\n'}
[7.212919] (open_manipulator_bringup) StdoutLine: {'line': b'creating /home/etri/ros2_ws/install/open_manipulator_bringup/share/open_manipulator_bringup/launch\n'}
[7.212942] (open_manipulator_bringup) StdoutLine: {'line': b'copying launch/omx_ai.launch.py -> /home/etri/ros2_ws/install/open_manipulator_bringup/share/open_manipulator_bringup/launch\n'}
[7.212960] (open_manipulator_bringup) StdoutLine: {'line': b'copying launch/omy_f3m_follower_ai.launch.py -> /home/etri/ros2_ws/install/open_manipulator_bringup/share/open_manipulator_bringup/launch\n'}
[7.213014] (open_manipulator_bringup) StdoutLine: {'line': b'copying launch/omy_f3m_gazebo.launch.py -> /home/etri/ros2_ws/install/open_manipulator_bringup/share/open_manipulator_bringup/launch\n'}
[7.213037] (open_manipulator_bringup) StdoutLine: {'line': b'copying launch/camera_usb_cam.launch.py -> /home/etri/ros2_ws/install/open_manipulator_bringup/share/open_manipulator_bringup/launch\n'}
[7.213059] (open_manipulator_bringup) StdoutLine: {'line': b'copying launch/omx_f_follower_ai.launch.py -> /home/etri/ros2_ws/install/open_manipulator_bringup/share/open_manipulator_bringup/launch\n'}
[7.213077] (open_manipulator_bringup) StdoutLine: {'line': b'copying launch/camera_realsense.launch.py -> /home/etri/ros2_ws/install/open_manipulator_bringup/share/open_manipulator_bringup/launch\n'}
[7.213093] (open_manipulator_bringup) StdoutLine: {'line': b'copying launch/omy_f3m_leader_ai.launch.py -> /home/etri/ros2_ws/install/open_manipulator_bringup/share/open_manipulator_bringup/launch\n'}
[7.213109] (open_manipulator_bringup) StdoutLine: {'line': b'copying launch/omx_f_gazebo.launch.py -> /home/etri/ros2_ws/install/open_manipulator_bringup/share/open_manipulator_bringup/launch\n'}
[7.213179] (open_manipulator_bringup) StdoutLine: {'line': b'copying launch/omy_l100_follower_ai.launch.py -> /home/etri/ros2_ws/install/open_manipulator_bringup/share/open_manipulator_bringup/launch\n'}
[7.213230] (open_manipulator_bringup) StdoutLine: {'line': b'copying launch/omy_3m_gazebo.launch.py -> /home/etri/ros2_ws/install/open_manipulator_bringup/share/open_manipulator_bringup/launch\n'}
[7.213251] (open_manipulator_bringup) StdoutLine: {'line': b'copying launch/omx_f_follower_ai_gazebo.launch.py -> /home/etri/ros2_ws/install/open_manipulator_bringup/share/open_manipulator_bringup/launch\n'}
[7.213268] (open_manipulator_bringup) StdoutLine: {'line': b'copying launch/omx_l_leader_ai.launch.py -> /home/etri/ros2_ws/install/open_manipulator_bringup/share/open_manipulator_bringup/launch\n'}
[7.213285] (open_manipulator_bringup) StdoutLine: {'line': b'copying launch/omy_f3m_follower_ai_gazebo.launch.py -> /home/etri/ros2_ws/install/open_manipulator_bringup/share/open_manipulator_bringup/launch\n'}
[7.213301] (open_manipulator_bringup) StdoutLine: {'line': b'copying launch/omy_3m_pack.launch.py -> /home/etri/ros2_ws/install/open_manipulator_bringup/share/open_manipulator_bringup/launch\n'}
[7.213316] (open_manipulator_bringup) StdoutLine: {'line': b'copying launch/omy_ai_reverse.launch.py -> /home/etri/ros2_ws/install/open_manipulator_bringup/share/open_manipulator_bringup/launch\n'}
[7.213332] (open_manipulator_bringup) StdoutLine: {'line': b'copying launch/open_manipulator_x.launch.py -> /home/etri/ros2_ws/install/open_manipulator_bringup/share/open_manipulator_bringup/launch\n'}
[7.216416] (open_manipulator_bringup) StdoutLine: {'line': b'copying launch/open_manipulator_x_gazebo.launch.py -> /home/etri/ros2_ws/install/open_manipulator_bringup/share/open_manipulator_bringup/launch\n'}
[7.216470] (-) TimerEvent: {}
[7.216478] (open_manipulator_bringup) StdoutLine: {'line': b'copying launch/omx_f.launch.py -> /home/etri/ros2_ws/install/open_manipulator_bringup/share/open_manipulator_bringup/launch\n'}
[7.216499] (open_manipulator_bringup) StdoutLine: {'line': b'copying launch/omy_f3m.launch.py -> /home/etri/ros2_ws/install/open_manipulator_bringup/share/open_manipulator_bringup/launch\n'}
[7.216520] (open_manipulator_bringup) StdoutLine: {'line': b'copying launch/omy_3m.launch.py -> /home/etri/ros2_ws/install/open_manipulator_bringup/share/open_manipulator_bringup/launch\n'}
[7.216538] (open_manipulator_bringup) StdoutLine: {'line': b'copying launch/omy_l100_leader_ai.launch.py -> /home/etri/ros2_ws/install/open_manipulator_bringup/share/open_manipulator_bringup/launch\n'}
[7.216556] (open_manipulator_bringup) StdoutLine: {'line': b'copying launch/omy_ai.launch.py -> /home/etri/ros2_ws/install/open_manipulator_bringup/share/open_manipulator_bringup/launch\n'}
[7.216572] (open_manipulator_bringup) StdoutLine: {'line': b'copying launch/omy_3m_unpack.launch.py -> /home/etri/ros2_ws/install/open_manipulator_bringup/share/open_manipulator_bringup/launch\n'}
[7.216588] (open_manipulator_bringup) StdoutLine: {'line': b'creating /home/etri/ros2_ws/install/open_manipulator_bringup/share/open_manipulator_bringup/config\n'}
[7.216604] (open_manipulator_bringup) StdoutLine: {'line': b'creating /home/etri/ros2_ws/install/open_manipulator_bringup/share/open_manipulator_bringup/config/open_manipulator_x\n'}
[7.216619] (open_manipulator_bringup) StdoutLine: {'line': b'copying config/open_manipulator_x/initial_positions.yaml -> /home/etri/ros2_ws/install/open_manipulator_bringup/share/open_manipulator_bringup/config/open_manipulator_x\n'}
[7.216635] (open_manipulator_bringup) StdoutLine: {'line': b'copying config/open_manipulator_x/hardware_controller_manager.yaml -> /home/etri/ros2_ws/install/open_manipulator_bringup/share/open_manipulator_bringup/config/open_manipulator_x\n'}
[7.216651] (open_manipulator_bringup) StdoutLine: {'line': b'creating /home/etri/ros2_ws/install/open_manipulator_bringup/share/open_manipulator_bringup/config/omy_3m\n'}
[7.216668] (open_manipulator_bringup) StdoutLine: {'line': b'copying config/omy_3m/qc_positions.yaml -> /home/etri/ros2_ws/install/open_manipulator_bringup/share/open_manipulator_bringup/config/omy_3m\n'}
[7.216685] (open_manipulator_bringup) StdoutLine: {'line': b'copying config/omy_3m/initial_positions.yaml -> /home/etri/ros2_ws/install/open_manipulator_bringup/share/open_manipulator_bringup/config/omy_3m\n'}
[7.216702] (open_manipulator_bringup) StdoutLine: {'line': b'copying config/omy_3m/pack_positions.yaml -> /home/etri/ros2_ws/install/open_manipulator_bringup/share/open_manipulator_bringup/config/omy_3m\n'}
[7.216719] (open_manipulator_bringup) StdoutLine: {'line': b'copying config/omy_3m/hardware_controller_manager.yaml -> /home/etri/ros2_ws/install/open_manipulator_bringup/share/open_manipulator_bringup/config/omy_3m\n'}
[7.216735] (open_manipulator_bringup) StdoutLine: {'line': b'creating /home/etri/ros2_ws/install/open_manipulator_bringup/share/open_manipulator_bringup/config/omy_f3m\n'}
[7.216750] (open_manipulator_bringup) StdoutLine: {'line': b'copying config/omy_f3m/initial_positions.yaml -> /home/etri/ros2_ws/install/open_manipulator_bringup/share/open_manipulator_bringup/config/omy_f3m\n'}
[7.216767] (open_manipulator_bringup) StdoutLine: {'line': b'copying config/omy_f3m/hardware_controller_manager.yaml -> /home/etri/ros2_ws/install/open_manipulator_bringup/share/open_manipulator_bringup/config/omy_f3m\n'}
[7.216783] (open_manipulator_bringup) StdoutLine: {'line': b'creating /home/etri/ros2_ws/install/open_manipulator_bringup/share/open_manipulator_bringup/config/omy_f3m_follower_ai\n'}
[7.216798] (open_manipulator_bringup) StdoutLine: {'line': b'copying config/omy_f3m_follower_ai/qc_positions.yaml -> /home/etri/ros2_ws/install/open_manipulator_bringup/share/open_manipulator_bringup/config/omy_f3m_follower_ai\n'}
[7.216817] (open_manipulator_bringup) StdoutLine: {'line': b'copying config/omy_f3m_follower_ai/initial_positions.yaml -> /home/etri/ros2_ws/install/open_manipulator_bringup/share/open_manipulator_bringup/config/omy_f3m_follower_ai\n'}
[7.216833] (open_manipulator_bringup) StdoutLine: {'line': b'copying config/omy_f3m_follower_ai/hardware_controller_manager.yaml -> /home/etri/ros2_ws/install/open_manipulator_bringup/share/open_manipulator_bringup/config/omy_f3m_follower_ai\n'}
[7.216848] (open_manipulator_bringup) StdoutLine: {'line': b'creating /home/etri/ros2_ws/install/open_manipulator_bringup/share/open_manipulator_bringup/config/omy_f3m_leader_ai\n'}
[7.216863] (open_manipulator_bringup) StdoutLine: {'line': b'copying config/omy_f3m_leader_ai/hardware_controller_manager.yaml -> /home/etri/ros2_ws/install/open_manipulator_bringup/share/open_manipulator_bringup/config/omy_f3m_leader_ai\n'}
[7.216878] (open_manipulator_bringup) StdoutLine: {'line': b'creating /home/etri/ros2_ws/install/open_manipulator_bringup/share/open_manipulator_bringup/config/omy_l100_follower_ai\n'}
[7.216894] (open_manipulator_bringup) StdoutLine: {'line': b'copying config/omy_l100_follower_ai/initial_positions.yaml -> /home/etri/ros2_ws/install/open_manipulator_bringup/share/open_manipulator_bringup/config/omy_l100_follower_ai\n'}
[7.216911] (open_manipulator_bringup) StdoutLine: {'line': b'copying config/omy_l100_follower_ai/hardware_controller_manager.yaml -> /home/etri/ros2_ws/install/open_manipulator_bringup/share/open_manipulator_bringup/config/omy_l100_follower_ai\n'}
[7.216927] (open_manipulator_bringup) StdoutLine: {'line': b'creating /home/etri/ros2_ws/install/open_manipulator_bringup/share/open_manipulator_bringup/config/omy_l100_leader_ai\n'}
[7.216941] (open_manipulator_bringup) StdoutLine: {'line': b'copying config/omy_l100_leader_ai/hardware_controller_manager.yaml -> /home/etri/ros2_ws/install/open_manipulator_bringup/share/open_manipulator_bringup/config/omy_l100_leader_ai\n'}
[7.216957] (open_manipulator_bringup) StdoutLine: {'line': b'creating /home/etri/ros2_ws/install/open_manipulator_bringup/share/open_manipulator_bringup/config/omx_f\n'}
[7.216972] (open_manipulator_bringup) StdoutLine: {'line': b'copying config/omx_f/initial_positions.yaml -> /home/etri/ros2_ws/install/open_manipulator_bringup/share/open_manipulator_bringup/config/omx_f\n'}
[7.216987] (open_manipulator_bringup) StdoutLine: {'line': b'copying config/omx_f/hardware_controller_manager.yaml -> /home/etri/ros2_ws/install/open_manipulator_bringup/share/open_manipulator_bringup/config/omx_f\n'}
[7.217002] (open_manipulator_bringup) StdoutLine: {'line': b'creating /home/etri/ros2_ws/install/open_manipulator_bringup/share/open_manipulator_bringup/config/omx_f_follower_ai\n'}
[7.217017] (open_manipulator_bringup) StdoutLine: {'line': b'copying config/omx_f_follower_ai/initial_positions.yaml -> /home/etri/ros2_ws/install/open_manipulator_bringup/share/open_manipulator_bringup/config/omx_f_follower_ai\n'}
[7.217032] (open_manipulator_bringup) StdoutLine: {'line': b'copying config/omx_f_follower_ai/hardware_controller_manager.yaml -> /home/etri/ros2_ws/install/open_manipulator_bringup/share/open_manipulator_bringup/config/omx_f_follower_ai\n'}
[7.217047] (open_manipulator_bringup) StdoutLine: {'line': b'creating /home/etri/ros2_ws/install/open_manipulator_bringup/share/open_manipulator_bringup/config/omx_l_leader_ai\n'}
[7.217061] (open_manipulator_bringup) StdoutLine: {'line': b'copying config/omx_l_leader_ai/hardware_controller_manager.yaml -> /home/etri/ros2_ws/install/open_manipulator_bringup/share/open_manipulator_bringup/config/omx_l_leader_ai\n'}
[7.217077] (open_manipulator_bringup) StdoutLine: {'line': b'creating /home/etri/ros2_ws/install/open_manipulator_bringup/share/open_manipulator_bringup/worlds\n'}
[7.217092] (open_manipulator_bringup) StdoutLine: {'line': b'copying worlds/empty_world.sdf -> /home/etri/ros2_ws/install/open_manipulator_bringup/share/open_manipulator_bringup/worlds\n'}
[7.217106] (open_manipulator_bringup) StdoutLine: {'line': b'copying open-manipulator-cdc.rules -> /home/etri/ros2_ws/install/open_manipulator_bringup/share/open_manipulator_bringup\n'}
[7.217121] (open_manipulator_bringup) StdoutLine: {'line': b'running install_egg_info\n'}
[7.217135] (open_manipulator_bringup) StdoutLine: {'line': b'Copying ../../build/open_manipulator_bringup/open_manipulator_bringup.egg-info to /home/etri/ros2_ws/install/open_manipulator_bringup/lib/python3.10/site-packages/open_manipulator_bringup-4.1.2-py3.10.egg-info\n'}
[7.217151] (open_manipulator_bringup) StdoutLine: {'line': b'running install_scripts\n'}
[7.223767] (open_manipulator_bringup) StdoutLine: {'line': b'Installing joint_trajectory_executor script to /home/etri/ros2_ws/install/open_manipulator_bringup/lib/open_manipulator_bringup\n'}
[7.224085] (open_manipulator_bringup) StdoutLine: {'line': b'Installing om_create_udev_rules script to /home/etri/ros2_ws/install/open_manipulator_bringup/lib/open_manipulator_bringup\n'}
[7.224112] (open_manipulator_bringup) StdoutLine: {'line': b"writing list of installed files to '/home/etri/ros2_ws/build/open_manipulator_bringup/install.log'\n"}
[7.234351] (open_manipulator_bringup) CommandEnded: {'returncode': 0}
[7.237052] (open_manipulator_bringup) JobEnded: {'identifier': 'open_manipulator_bringup', 'rc': 0}
[7.237414] (panda_teleop_omy_l100) JobStarted: {'identifier': 'panda_teleop_omy_l100'}
[7.248733] (panda_teleop_omy_l100) JobProgress: {'identifier': 'panda_teleop_omy_l100', 'progress': 'cmake'}
[7.249282] (panda_teleop_omy_l100) Command: {'cmd': ['/usr/bin/cmake', '/home/etri/ros2_ws/panda_teleop_omy_l100', '-DCMAKE_INSTALL_PREFIX=/home/etri/ros2_ws/install/panda_teleop_omy_l100'], 'cwd': '/home/etri/ros2_ws/build/panda_teleop_omy_l100', 'env': OrderedDict([('GJS_DEBUG_TOPICS', 'JS ERROR;JS LOG'), ('LESSOPEN', '| /usr/bin/lesspipe %s'), ('VSCODE_CWD', '/home/etri'), ('CURSOR_EXTENSION_HOST_ROLE', 'agent-exec'), ('VSCODE_ESM_ENTRYPOINT', 'vs/workbench/api/node/extensionHostProcess'), ('LANGUAGE', 'ko:en_US:en'), ('USER', 'etri'), ('LC_TIME', 'ko_KR.UTF-8'), ('VSCODE_NLS_CONFIG', '{"userLocale":"ko","osLocale":"ko","resolvedLanguage":"en","defaultMessagesFile":"/usr/share/cursor/resources/app/out/nls.messages.json","locale":"ko","availableLanguages":{}}'), ('CI', '1'), ('VSCODE_HANDLES_UNCAUGHT_ERRORS', 'true'), ('XDG_SESSION_TYPE', 'x11'), ('SHLVL', '0'), ('LD_LIBRARY_PATH', '/home/etri/ros2_ws/install/dynamixel_hardware_interface/lib:/home/etri/ros2_ws/install/dynamixel_sdk/lib:/home/etri/ros2_ws/install/dynamixel_interfaces/lib:/home/etri/ros2_ws/install/open_manipulator_collision/lib:/home/etri/ros2_ws/install/om_joint_trajectory_command_broadcaster/lib:/home/etri/ws_ros2/install/service_interfaces/lib:/opt/ros/humble/opt/rviz_ogre_vendor/lib:/opt/ros/humble/lib/x86_64-linux-gnu:/opt/ros/humble/lib'), ('HOME', '/home/etri'), ('CHROME_DESKTOP', 'cursor.desktop'), ('OLDPWD', '/home/etri/ros2_ws'), ('DESKTOP_SESSION', 'ubuntu'), ('VSCODE_IPC_HOOK', '/run/user/1000/vscode-30070241-2.3.-main.sock'), ('GIO_LAUNCHED_DESKTOP_FILE', '/usr/share/applications/cursor.desktop'), ('ROS_PYTHON_VERSION', '3'), ('GNOME_SHELL_SESSION_MODE', 'ubuntu'), ('GTK_MODULES', 'gail:atk-bridge'), ('LC_MONETARY', 'ko_KR.UTF-8'), ('MANAGERPID', '1861'), ('SYSTEMD_EXEC_PID', '2147'), ('NO_COLOR', '1'), ('DBUS_SESSION_BUS_ADDRESS', 'unix:path=/run/user/1000/bus'), ('GIO_LAUNCHED_DESKTOP_FILE_PID', '5142'), ('VSCODE_CRASH_REPORTER_PROCESS_TYPE', 'extensionHost'), ('COLCON_PREFIX_PATH', '/home/etri/ros2_ws/install:/home/etri/ws_ros2/install'), ('ROS_DISTRO', 'humble'), ('GTK_IM_MODULE', 'ibus'), ('LOGNAME', 'etri'), ('FORCE_COLOR', '0'), ('JOURNAL_STREAM', '8:18509'), ('_', '/usr/bin/colcon'), ('ROS_VERSION', '2'), ('XDG_SESSION_CLASS', 'user'), ('USERNAME', 'etri'), ('TERM', 'dumb'), ('EVERYSPHERE_RIPGREP_PATH', '/usr/share/cursor/resources/app/node_modules/@vscode/ripgrep/bin/rg'), ('GNOME_DESKTOP_SESSION_ID', 'this-is-deprecated'), ('ROS_LOCALHOST_ONLY', '1'), ('WINDOWPATH', '2'), ('PATH', '/opt/ros/humble/bin:/usr/local/sbin:/usr/local/bin:/usr/sbin:/usr/bin:/sbin:/bin:/usr/games:/usr/local/games:/snap/bin:/snap/bin'), ('SESSION_MANAGER', 'local/etri-HP-Z2-Tower-G1i:@/tmp/.ICE-unix/2119,unix/etri-HP-Z2-Tower-G1i:/tmp/.ICE-unix/2119'), ('INVOCATION_ID', '5a99293a9b70420ba5782225baf2f6fe'), ('PAPERSIZE', 'a4'), ('XDG_MENU_PREFIX', 'gnome-'), ('LC_ADDRESS', 'ko_KR.UTF-8'), ('VSCODE_PROCESS_TITLE', 'extension-host (agent-exec) [1-3]'), ('XDG_RUNTIME_DIR', '/run/user/1000'), ('GDK_BACKEND', 'x11'), ('CURSOR_AGENT', '1'), ('DISPLAY', ':1'), ('LANG', 'ko_KR.UTF-8'), ('XDG_CURRENT_DESKTOP', 'Unity'), ('LC_TELEPHONE', 'ko_KR.UTF-8'), ('XMODIFIERS', '@im=ibus'), ('XDG_SESSION_DESKTOP', 'ubuntu'), ('XAUTHORITY', '/run/user/1000/gdm/Xauthority'), ('LS_COLORS', ''), ('CURSOR_TRACE_ID', '292c0dd82b9e4716b7c9a05e3f99dadc'), ('SSH_AGENT_LAUNCHER', 'gnome-keyring'), ('SSH_AUTH_SOCK', '/run/user/1000/keyring/ssh'), ('ROS_DOMAIN_ID', '0'), ('AMENT_PREFIX_PATH', '/home/etri/ros2_ws/install/open_manipulator_bringup:/home/etri/ros2_ws/install/open_manipulator_teleop:/home/etri/ros2_ws/install/open_manipulator_description:/home/etri/ros2_ws/install/open_manipulator_collision:/home/etri/ros2_ws/install/om_joint_trajectory_command_broadcaster:/home/etri/ros2_ws/install/dynamixel_hardware_interface:/home/etri/ros2_ws/install/dynamixel_sdk:/home/etri/ros2_ws/install/dynamixel_interfaces:/home/etri/ros2_ws/install/custom_panda_description:/home/etri/ws_ros2/install/inspire_hand:/home/etri/ws_ros2/install/service_interfaces:/opt/ros/humble'), ('ORIGINAL_XDG_CURRENT_DESKTOP', 'ubuntu:GNOME'), ('SHELL', '/bin/bash'), ('LC_NAME', 'ko_KR.UTF-8'), ('QT_ACCESSIBILITY', '1'), ('GDMSESSION', 'ubuntu'), ('LESSCLOSE', '/usr/bin/lesspipe %s %s'), ('LC_MEASUREMENT', 'ko_KR.UTF-8'), ('GPG_AGENT_INFO', '/run/user/1000/gnupg/S.gpg-agent:0:1'), ('GJS_DEBUG_OUTPUT', 'stderr'), ('LC_IDENTIFICATION', 'ko_KR.UTF-8'), ('QT_IM_MODULE', 'ibus'), ('PWD', '/home/etri/ros2_ws/build/panda_teleop_omy_l100'), ('LC_ALL', 'en_US.UTF-8'), ('XDG_CONFIG_DIRS', '/etc/xdg/xdg-ubuntu:/etc/xdg'), ('VSCODE_CODE_CACHE_PATH', '/home/etri/.config/Cursor/CachedData/643ba67cd252e2888e296dd0cf34a0c5d7625b90'), ('XDG_DATA_DIRS', '/usr/share/ubuntu:/usr/share/gnome:/usr/local/share/:/usr/share/:/var/lib/snapd/desktop'), ('PYTHONPATH', '/home/etri/ros2_ws/install/open_manipulator_bringup/lib/python3.10/site-packages:/home/etri/ros2_ws/build/open_manipulator_teleop:/home/etri/ros2_ws/install/open_manipulator_teleop/lib/python3.10/site-packages:/home/etri/ros2_ws/build/open_manipulator_bringup:/home/etri/ros2_ws/install/dynamixel_sdk/local/lib/python3.10/dist-packages:/home/etri/ros2_ws/install/dynamixel_interfaces/local/lib/python3.10/dist-packages:/home/etri/ws_ros2/install/service_interfaces/local/lib/python3.10/dist-packages:/opt/ros/humble/lib/python3.10/site-packages:/opt/ros/humble/local/lib/python3.10/dist-packages'), ('LC_NUMERIC', 'ko_KR.UTF-8'), ('LC_PAPER', 'ko_KR.UTF-8'), ('COLCON', '1'), ('_ZO_DOCTOR', '0'), ('CMAKE_PREFIX_PATH', '/home/etri/ros2_ws/install/dynamixel_hardware_interface:/home/etri/ros2_ws/install/open_manipulator_description:/home/etri/ros2_ws/install/dynamixel_sdk:/home/etri/ros2_ws/install/dynamixel_interfaces:/home/etri/ros2_ws/install/custom_panda_description:/home/etri/ros2_ws/install/open_manipulator_collision:/home/etri/ros2_ws/install/om_joint_trajectory_command_broadcaster:/home/etri/ws_ros2/install/inspire_hand:/home/etri/ws_ros2/install/service_interfaces:/home/etri/ros2_ws/install/open_manipulator_teleop:/home/etri/ros2_ws/install/open_manipulator_bringup:/opt/ros/humble'), ('VSCODE_PID', '5142')]), 'shell': False}
[7.316667] (-) TimerEvent: {}
[7.341423] (panda_teleop_omy_l100) StdoutLine: {'line': b'-- The C compiler identification is GNU 11.4.0\n'}
[7.371017] (panda_teleop_omy_l100) StdoutLine: {'line': b'-- The CXX compiler identification is GNU 11.4.0\n'}
[7.374792] (panda_teleop_omy_l100) StdoutLine: {'line': b'-- Detecting C compiler ABI info\n'}
[7.412366] (panda_teleop_omy_l100) StdoutLine: {'line': b'-- Detecting C compiler ABI info - done\n'}
[7.414922] (panda_teleop_omy_l100) StdoutLine: {'line': b'-- Check for working C compiler: /usr/bin/cc - skipped\n'}
[7.415074] (panda_teleop_omy_l100) StdoutLine: {'line': b'-- Detecting C compile features\n'}
[7.415197] (panda_teleop_omy_l100) StdoutLine: {'line': b'-- Detecting C compile features - done\n'}
[7.416470] (panda_teleop_omy_l100) StdoutLine: {'line': b'-- Detecting CXX compiler ABI info\n'}
[7.416708] (-) TimerEvent: {}
[7.460096] (panda_teleop_omy_l100) StdoutLine: {'line': b'-- Detecting CXX compiler ABI info - done\n'}
[7.463166] (panda_teleop_omy_l100) StdoutLine: {'line': b'-- Check for working CXX compiler: /usr/bin/c++ - skipped\n'}
[7.463263] (panda_teleop_omy_l100) StdoutLine: {'line': b'-- Detecting CXX compile features\n'}
[7.463812] (panda_teleop_omy_l100) StdoutLine: {'line': b'-- Detecting CXX compile features - done\n'}
[7.464798] (panda_teleop_omy_l100) StdoutLine: {'line': b'-- Found ament_cmake: 1.3.12 (/opt/ros/humble/share/ament_cmake/cmake)\n'}
[7.516808] (-) TimerEvent: {}
[7.538734] (panda_teleop_omy_l100) StdoutLine: {'line': b'-- Found Python3: /usr/bin/python3 (found version "3.10.12") found components: Interpreter \n'}
[7.581447] (panda_teleop_omy_l100) StdoutLine: {'line': b'-- Found rclpy: 3.3.19 (/opt/ros/humble/share/rclpy/cmake)\n'}
[7.582210] (panda_teleop_omy_l100) StdoutLine: {'line': b'-- Found sensor_msgs: 4.9.0 (/opt/ros/humble/share/sensor_msgs/cmake)\n'}
[7.599207] (panda_teleop_omy_l100) StdoutLine: {'line': b'-- Found rosidl_generator_c: 3.1.8 (/opt/ros/humble/share/rosidl_generator_c/cmake)\n'}
[7.601668] (panda_teleop_omy_l100) StdoutLine: {'line': b'-- Found rosidl_adapter: 3.1.8 (/opt/ros/humble/share/rosidl_adapter/cmake)\n'}
[7.605616] (panda_teleop_omy_l100) StdoutLine: {'line': b'-- Found rosidl_generator_cpp: 3.1.8 (/opt/ros/humble/share/rosidl_generator_cpp/cmake)\n'}
[7.611049] (panda_teleop_omy_l100) StdoutLine: {'line': b'-- Using all available rosidl_typesupport_c: rosidl_typesupport_fastrtps_c;rosidl_typesupport_introspection_c\n'}
[7.616827] (-) TimerEvent: {}
[7.618473] (panda_teleop_omy_l100) StdoutLine: {'line': b'-- Using all available rosidl_typesupport_cpp: rosidl_typesupport_fastrtps_cpp;rosidl_typesupport_introspection_cpp\n'}
[7.643656] (panda_teleop_omy_l100) StdoutLine: {'line': b'-- Found trajectory_msgs: 4.9.0 (/opt/ros/humble/share/trajectory_msgs/cmake)\n'}
[7.651084] (panda_teleop_omy_l100) StdoutLine: {'line': b'-- Found moveit_servo: 2.5.9 (/opt/ros/humble/share/moveit_servo/cmake)\n'}
[7.697688] (panda_teleop_omy_l100) StdoutLine: {'line': b'-- Found rmw_implementation_cmake: 6.1.2 (/opt/ros/humble/share/rmw_implementation_cmake/cmake)\n'}
[7.699125] (panda_teleop_omy_l100) StdoutLine: {'line': b'-- Found rmw_fastrtps_cpp: 6.2.9 (/opt/ros/humble/share/rmw_fastrtps_cpp/cmake)\n'}
[7.716911] (-) TimerEvent: {}
[7.749357] (panda_teleop_omy_l100) StdoutLine: {'line': b'-- Found OpenSSL: /usr/lib/x86_64-linux-gnu/libcrypto.so (found version "3.0.2")  \n'}
[7.762623] (panda_teleop_omy_l100) StdoutLine: {'line': b'-- Found FastRTPS: /opt/ros/humble/include  \n'}
[7.781994] (panda_teleop_omy_l100) StdoutLine: {'line': b"-- Using RMW implementation 'rmw_fastrtps_cpp' as default\n"}
[7.786435] (panda_teleop_omy_l100) StdoutLine: {'line': b'-- Looking for pthread.h\n'}
[7.816985] (-) TimerEvent: {}
[7.821977] (panda_teleop_omy_l100) StdoutLine: {'line': b'-- Looking for pthread.h - found\n'}
[7.822059] (panda_teleop_omy_l100) StdoutLine: {'line': b'-- Performing Test CMAKE_HAVE_LIBC_PTHREAD\n'}
[7.917173] (-) TimerEvent: {}
[7.925862] (panda_teleop_omy_l100) StdoutLine: {'line': b'-- Performing Test CMAKE_HAVE_LIBC_PTHREAD - Success\n'}
[7.926365] (panda_teleop_omy_l100) StdoutLine: {'line': b'-- Found Threads: TRUE  \n'}
[8.004632] (panda_teleop_omy_l100) StdoutLine: {'line': b'-- Found Boost: /usr/lib/x86_64-linux-gnu/cmake/Boost-1.74.0/BoostConfig.cmake (found version "1.74.0") found components: chrono date_time filesystem iostreams program_options regex serialization system thread \n'}
[8.017240] (-) TimerEvent: {}
[8.021676] (panda_teleop_omy_l100) StdoutLine: {'line': b'-- Found Boost: /usr/lib/x86_64-linux-gnu/cmake/Boost-1.74.0/BoostConfig.cmake (found version "1.74.0") found components: filesystem \n'}
[8.069279] (panda_teleop_omy_l100) StdoutLine: {'line': b'-- library: /usr/lib/x86_64-linux-gnu/libcurl.so\n'}
[8.090185] (panda_teleop_omy_l100) StdoutLine: {'line': b'-- Found Eigen3: TRUE (found version "3.4.0") \n'}
[8.090263] (panda_teleop_omy_l100) StdoutLine: {'line': b'-- Ensuring Eigen3 include directory is part of orocos-kdl CMake target\n'}
[8.117391] (-) TimerEvent: {}
[8.169896] (panda_teleop_omy_l100) StdoutLine: {'line': b'-- Found Boost: /usr/lib/x86_64-linux-gnu/cmake/Boost-1.74.0/BoostConfig.cmake (found version "1.74.0") found components: system filesystem date_time program_options thread chrono \n'}
[8.189017] (panda_teleop_omy_l100) StdoutLine: {'line': b'-- Found robot_state_publisher: 3.0.3 (/opt/ros/humble/share/robot_state_publisher/cmake)\n'}
[8.193009] (panda_teleop_omy_l100) StdoutLine: {'line': b'-- Found xacro: 2.1.1 (/opt/ros/humble/share/xacro/cmake)\n'}
[8.193905] (panda_teleop_omy_l100) StdoutLine: {'line': b'-- Found ament_lint_auto: 0.12.14 (/opt/ros/humble/share/ament_lint_auto/cmake)\n'}
[8.217467] (-) TimerEvent: {}
[8.231154] (panda_teleop_omy_l100) StdoutLine: {'line': b"-- Added test 'flake8' to check Python code syntax and style conventions\n"}
[8.231337] (panda_teleop_omy_l100) StdoutLine: {'line': b"-- Added test 'lint_cmake' to check CMake code style\n"}
[8.231559] (panda_teleop_omy_l100) StdoutLine: {'line': b"-- Added test 'pep257' to check Python code against some of the docstring style conventions in PEP 257\n"}
[8.231963] (panda_teleop_omy_l100) StdoutLine: {'line': b"-- Added test 'xmllint' to check XML markup files\n"}
[8.232798] (panda_teleop_omy_l100) StdoutLine: {'line': b'-- Configuring done\n'}
[8.236842] (panda_teleop_omy_l100) StdoutLine: {'line': b'-- Generating done\n'}
[8.236901] (panda_teleop_omy_l100) StdoutLine: {'line': b'-- Build files have been written to: /home/etri/ros2_ws/build/panda_teleop_omy_l100\n'}
[8.244099] (panda_teleop_omy_l100) CommandEnded: {'returncode': 0}
[8.244537] (panda_teleop_omy_l100) JobProgress: {'identifier': 'panda_teleop_omy_l100', 'progress': 'build'}
[8.245024] (panda_teleop_omy_l100) Command: {'cmd': ['/usr/bin/cmake', '--build', '/home/etri/ros2_ws/build/panda_teleop_omy_l100', '--', '-j24', '-l24'], 'cwd': '/home/etri/ros2_ws/build/panda_teleop_omy_l100', 'env': OrderedDict([('GJS_DEBUG_TOPICS', 'JS ERROR;JS LOG'), ('LESSOPEN', '| /usr/bin/lesspipe %s'), ('VSCODE_CWD', '/home/etri'), ('CURSOR_EXTENSION_HOST_ROLE', 'agent-exec'), ('VSCODE_ESM_ENTRYPOINT', 'vs/workbench/api/node/extensionHostProcess'), ('LANGUAGE', 'ko:en_US:en'), ('USER', 'etri'), ('LC_TIME', 'ko_KR.UTF-8'), ('VSCODE_NLS_CONFIG', '{"userLocale":"ko","osLocale":"ko","resolvedLanguage":"en","defaultMessagesFile":"/usr/share/cursor/resources/app/out/nls.messages.json","locale":"ko","availableLanguages":{}}'), ('CI', '1'), ('VSCODE_HANDLES_UNCAUGHT_ERRORS', 'true'), ('XDG_SESSION_TYPE', 'x11'), ('SHLVL', '0'), ('LD_LIBRARY_PATH', '/home/etri/ros2_ws/install/dynamixel_hardware_interface/lib:/home/etri/ros2_ws/install/dynamixel_sdk/lib:/home/etri/ros2_ws/install/dynamixel_interfaces/lib:/home/etri/ros2_ws/install/open_manipulator_collision/lib:/home/etri/ros2_ws/install/om_joint_trajectory_command_broadcaster/lib:/home/etri/ws_ros2/install/service_interfaces/lib:/opt/ros/humble/opt/rviz_ogre_vendor/lib:/opt/ros/humble/lib/x86_64-linux-gnu:/opt/ros/humble/lib'), ('HOME', '/home/etri'), ('CHROME_DESKTOP', 'cursor.desktop'), ('OLDPWD', '/home/etri/ros2_ws'), ('DESKTOP_SESSION', 'ubuntu'), ('VSCODE_IPC_HOOK', '/run/user/1000/vscode-30070241-2.3.-main.sock'), ('GIO_LAUNCHED_DESKTOP_FILE', '/usr/share/applications/cursor.desktop'), ('ROS_PYTHON_VERSION', '3'), ('GNOME_SHELL_SESSION_MODE', 'ubuntu'), ('GTK_MODULES', 'gail:atk-bridge'), ('LC_MONETARY', 'ko_KR.UTF-8'), ('MANAGERPID', '1861'), ('SYSTEMD_EXEC_PID', '2147'), ('NO_COLOR', '1'), ('DBUS_SESSION_BUS_ADDRESS', 'unix:path=/run/user/1000/bus'), ('GIO_LAUNCHED_DESKTOP_FILE_PID', '5142'), ('VSCODE_CRASH_REPORTER_PROCESS_TYPE', 'extensionHost'), ('COLCON_PREFIX_PATH', '/home/etri/ros2_ws/install:/home/etri/ws_ros2/install'), ('ROS_DISTRO', 'humble'), ('GTK_IM_MODULE', 'ibus'), ('LOGNAME', 'etri'), ('FORCE_COLOR', '0'), ('JOURNAL_STREAM', '8:18509'), ('_', '/usr/bin/colcon'), ('ROS_VERSION', '2'), ('XDG_SESSION_CLASS', 'user'), ('USERNAME', 'etri'), ('TERM', 'dumb'), ('EVERYSPHERE_RIPGREP_PATH', '/usr/share/cursor/resources/app/node_modules/@vscode/ripgrep/bin/rg'), ('GNOME_DESKTOP_SESSION_ID', 'this-is-deprecated'), ('ROS_LOCALHOST_ONLY', '1'), ('WINDOWPATH', '2'), ('PATH', '/opt/ros/humble/bin:/usr/local/sbin:/usr/local/bin:/usr/sbin:/usr/bin:/sbin:/bin:/usr/games:/usr/local/games:/snap/bin:/snap/bin'), ('SESSION_MANAGER', 'local/etri-HP-Z2-Tower-G1i:@/tmp/.ICE-unix/2119,unix/etri-HP-Z2-Tower-G1i:/tmp/.ICE-unix/2119'), ('INVOCATION_ID', '5a99293a9b70420ba5782225baf2f6fe'), ('PAPERSIZE', 'a4'), ('XDG_MENU_PREFIX', 'gnome-'), ('LC_ADDRESS', 'ko_KR.UTF-8'), ('VSCODE_PROCESS_TITLE', 'extension-host (agent-exec) [1-3]'), ('XDG_RUNTIME_DIR', '/run/user/1000'), ('GDK_BACKEND', 'x11'), ('CURSOR_AGENT', '1'), ('DISPLAY', ':1'), ('LANG', 'ko_KR.UTF-8'), ('XDG_CURRENT_DESKTOP', 'Unity'), ('LC_TELEPHONE', 'ko_KR.UTF-8'), ('XMODIFIERS', '@im=ibus'), ('XDG_SESSION_DESKTOP', 'ubuntu'), ('XAUTHORITY', '/run/user/1000/gdm/Xauthority'), ('LS_COLORS', ''), ('CURSOR_TRACE_ID', '292c0dd82b9e4716b7c9a05e3f99dadc'), ('SSH_AGENT_LAUNCHER', 'gnome-keyring'), ('SSH_AUTH_SOCK', '/run/user/1000/keyring/ssh'), ('ROS_DOMAIN_ID', '0'), ('AMENT_PREFIX_PATH', '/home/etri/ros2_ws/install/open_manipulator_bringup:/home/etri/ros2_ws/install/open_manipulator_teleop:/home/etri/ros2_ws/install/open_manipulator_description:/home/etri/ros2_ws/install/open_manipulator_collision:/home/etri/ros2_ws/install/om_joint_trajectory_command_broadcaster:/home/etri/ros2_ws/install/dynamixel_hardware_interface:/home/etri/ros2_ws/install/dynamixel_sdk:/home/etri/ros2_ws/install/dynamixel_interfaces:/home/etri/ros2_ws/install/custom_panda_description:/home/etri/ws_ros2/install/inspire_hand:/home/etri/ws_ros2/install/service_interfaces:/opt/ros/humble'), ('ORIGINAL_XDG_CURRENT_DESKTOP', 'ubuntu:GNOME'), ('SHELL', '/bin/bash'), ('LC_NAME', 'ko_KR.UTF-8'), ('QT_ACCESSIBILITY', '1'), ('GDMSESSION', 'ubuntu'), ('LESSCLOSE', '/usr/bin/lesspipe %s %s'), ('LC_MEASUREMENT', 'ko_KR.UTF-8'), ('GPG_AGENT_INFO', '/run/user/1000/gnupg/S.gpg-agent:0:1'), ('GJS_DEBUG_OUTPUT', 'stderr'), ('LC_IDENTIFICATION', 'ko_KR.UTF-8'), ('QT_IM_MODULE', 'ibus'), ('PWD', '/home/etri/ros2_ws/build/panda_teleop_omy_l100'), ('LC_ALL', 'en_US.UTF-8'), ('XDG_CONFIG_DIRS', '/etc/xdg/xdg-ubuntu:/etc/xdg'), ('VSCODE_CODE_CACHE_PATH', '/home/etri/.config/Cursor/CachedData/643ba67cd252e2888e296dd0cf34a0c5d7625b90'), ('XDG_DATA_DIRS', '/usr/share/ubuntu:/usr/share/gnome:/usr/local/share/:/usr/share/:/var/lib/snapd/desktop'), ('PYTHONPATH', '/home/etri/ros2_ws/install/open_manipulator_bringup/lib/python3.10/site-packages:/home/etri/ros2_ws/build/open_manipulator_teleop:/home/etri/ros2_ws/install/open_manipulator_teleop/lib/python3.10/site-packages:/home/etri/ros2_ws/build/open_manipulator_bringup:/home/etri/ros2_ws/install/dynamixel_sdk/local/lib/python3.10/dist-packages:/home/etri/ros2_ws/install/dynamixel_interfaces/local/lib/python3.10/dist-packages:/home/etri/ws_ros2/install/service_interfaces/local/lib/python3.10/dist-packages:/opt/ros/humble/lib/python3.10/site-packages:/opt/ros/humble/local/lib/python3.10/dist-packages'), ('LC_NUMERIC', 'ko_KR.UTF-8'), ('LC_PAPER', 'ko_KR.UTF-8'), ('COLCON', '1'), ('_ZO_DOCTOR', '0'), ('CMAKE_PREFIX_PATH', '/home/etri/ros2_ws/install/dynamixel_hardware_interface:/home/etri/ros2_ws/install/open_manipulator_description:/home/etri/ros2_ws/install/dynamixel_sdk:/home/etri/ros2_ws/install/dynamixel_interfaces:/home/etri/ros2_ws/install/custom_panda_description:/home/etri/ros2_ws/install/open_manipulator_collision:/home/etri/ros2_ws/install/om_joint_trajectory_command_broadcaster:/home/etri/ws_ros2/install/inspire_hand:/home/etri/ws_ros2/install/service_interfaces:/home/etri/ros2_ws/install/open_manipulator_teleop:/home/etri/ros2_ws/install/open_manipulator_bringup:/opt/ros/humble'), ('VSCODE_PID', '5142')]), 'shell': False}
[8.268190] (panda_teleop_omy_l100) CommandEnded: {'returncode': 0}
[8.268578] (panda_teleop_omy_l100) JobProgress: {'identifier': 'panda_teleop_omy_l100', 'progress': 'install'}
[8.268727] (panda_teleop_omy_l100) Command: {'cmd': ['/usr/bin/cmake', '--install', '/home/etri/ros2_ws/build/panda_teleop_omy_l100'], 'cwd': '/home/etri/ros2_ws/build/panda_teleop_omy_l100', 'env': OrderedDict([('GJS_DEBUG_TOPICS', 'JS ERROR;JS LOG'), ('LESSOPEN', '| /usr/bin/lesspipe %s'), ('VSCODE_CWD', '/home/etri'), ('CURSOR_EXTENSION_HOST_ROLE', 'agent-exec'), ('VSCODE_ESM_ENTRYPOINT', 'vs/workbench/api/node/extensionHostProcess'), ('LANGUAGE', 'ko:en_US:en'), ('USER', 'etri'), ('LC_TIME', 'ko_KR.UTF-8'), ('VSCODE_NLS_CONFIG', '{"userLocale":"ko","osLocale":"ko","resolvedLanguage":"en","defaultMessagesFile":"/usr/share/cursor/resources/app/out/nls.messages.json","locale":"ko","availableLanguages":{}}'), ('CI', '1'), ('VSCODE_HANDLES_UNCAUGHT_ERRORS', 'true'), ('XDG_SESSION_TYPE', 'x11'), ('SHLVL', '0'), ('LD_LIBRARY_PATH', '/home/etri/ros2_ws/install/dynamixel_hardware_interface/lib:/home/etri/ros2_ws/install/dynamixel_sdk/lib:/home/etri/ros2_ws/install/dynamixel_interfaces/lib:/home/etri/ros2_ws/install/open_manipulator_collision/lib:/home/etri/ros2_ws/install/om_joint_trajectory_command_broadcaster/lib:/home/etri/ws_ros2/install/service_interfaces/lib:/opt/ros/humble/opt/rviz_ogre_vendor/lib:/opt/ros/humble/lib/x86_64-linux-gnu:/opt/ros/humble/lib'), ('HOME', '/home/etri'), ('CHROME_DESKTOP', 'cursor.desktop'), ('OLDPWD', '/home/etri/ros2_ws'), ('DESKTOP_SESSION', 'ubuntu'), ('VSCODE_IPC_HOOK', '/run/user/1000/vscode-30070241-2.3.-main.sock'), ('GIO_LAUNCHED_DESKTOP_FILE', '/usr/share/applications/cursor.desktop'), ('ROS_PYTHON_VERSION', '3'), ('GNOME_SHELL_SESSION_MODE', 'ubuntu'), ('GTK_MODULES', 'gail:atk-bridge'), ('LC_MONETARY', 'ko_KR.UTF-8'), ('MANAGERPID', '1861'), ('SYSTEMD_EXEC_PID', '2147'), ('NO_COLOR', '1'), ('DBUS_SESSION_BUS_ADDRESS', 'unix:path=/run/user/1000/bus'), ('GIO_LAUNCHED_DESKTOP_FILE_PID', '5142'), ('VSCODE_CRASH_REPORTER_PROCESS_TYPE', 'extensionHost'), ('COLCON_PREFIX_PATH', '/home/etri/ros2_ws/install:/home/etri/ws_ros2/install'), ('ROS_DISTRO', 'humble'), ('GTK_IM_MODULE', 'ibus'), ('LOGNAME', 'etri'), ('FORCE_COLOR', '0'), ('JOURNAL_STREAM', '8:18509'), ('_', '/usr/bin/colcon'), ('ROS_VERSION', '2'), ('XDG_SESSION_CLASS', 'user'), ('USERNAME', 'etri'), ('TERM', 'dumb'), ('EVERYSPHERE_RIPGREP_PATH', '/usr/share/cursor/resources/app/node_modules/@vscode/ripgrep/bin/rg'), ('GNOME_DESKTOP_SESSION_ID', 'this-is-deprecated'), ('ROS_LOCALHOST_ONLY', '1'), ('WINDOWPATH', '2'), ('PATH', '/opt/ros/humble/bin:/usr/local/sbin:/usr/local/bin:/usr/sbin:/usr/bin:/sbin:/bin:/usr/games:/usr/local/games:/snap/bin:/snap/bin'), ('SESSION_MANAGER', 'local/etri-HP-Z2-Tower-G1i:@/tmp/.ICE-unix/2119,unix/etri-HP-Z2-Tower-G1i:/tmp/.ICE-unix/2119'), ('INVOCATION_ID', '5a99293a9b70420ba5782225baf2f6fe'), ('PAPERSIZE', 'a4'), ('XDG_MENU_PREFIX', 'gnome-'), ('LC_ADDRESS', 'ko_KR.UTF-8'), ('VSCODE_PROCESS_TITLE', 'extension-host (agent-exec) [1-3]'), ('XDG_RUNTIME_DIR', '/run/user/1000'), ('GDK_BACKEND', 'x11'), ('CURSOR_AGENT', '1'), ('DISPLAY', ':1'), ('LANG', 'ko_KR.UTF-8'), ('XDG_CURRENT_DESKTOP', 'Unity'), ('LC_TELEPHONE', 'ko_KR.UTF-8'), ('XMODIFIERS', '@im=ibus'), ('XDG_SESSION_DESKTOP', 'ubuntu'), ('XAUTHORITY', '/run/user/1000/gdm/Xauthority'), ('LS_COLORS', ''), ('CURSOR_TRACE_ID', '292c0dd82b9e4716b7c9a05e3f99dadc'), ('SSH_AGENT_LAUNCHER', 'gnome-keyring'), ('SSH_AUTH_SOCK', '/run/user/1000/keyring/ssh'), ('ROS_DOMAIN_ID', '0'), ('AMENT_PREFIX_PATH', '/home/etri/ros2_ws/install/open_manipulator_bringup:/home/etri/ros2_ws/install/open_manipulator_teleop:/home/etri/ros2_ws/install/open_manipulator_description:/home/etri/ros2_ws/install/open_manipulator_collision:/home/etri/ros2_ws/install/om_joint_trajectory_command_broadcaster:/home/etri/ros2_ws/install/dynamixel_hardware_interface:/home/etri/ros2_ws/install/dynamixel_sdk:/home/etri/ros2_ws/install/dynamixel_interfaces:/home/etri/ros2_ws/install/custom_panda_description:/home/etri/ws_ros2/install/inspire_hand:/home/etri/ws_ros2/install/service_interfaces:/opt/ros/humble'), ('ORIGINAL_XDG_CURRENT_DESKTOP', 'ubuntu:GNOME'), ('SHELL', '/bin/bash'), ('LC_NAME', 'ko_KR.UTF-8'), ('QT_ACCESSIBILITY', '1'), ('GDMSESSION', 'ubuntu'), ('LESSCLOSE', '/usr/bin/lesspipe %s %s'), ('LC_MEASUREMENT', 'ko_KR.UTF-8'), ('GPG_AGENT_INFO', '/run/user/1000/gnupg/S.gpg-agent:0:1'), ('GJS_DEBUG_OUTPUT', 'stderr'), ('LC_IDENTIFICATION', 'ko_KR.UTF-8'), ('QT_IM_MODULE', 'ibus'), ('PWD', '/home/etri/ros2_ws/build/panda_teleop_omy_l100'), ('LC_ALL', 'en_US.UTF-8'), ('XDG_CONFIG_DIRS', '/etc/xdg/xdg-ubuntu:/etc/xdg'), ('VSCODE_CODE_CACHE_PATH', '/home/etri/.config/Cursor/CachedData/643ba67cd252e2888e296dd0cf34a0c5d7625b90'), ('XDG_DATA_DIRS', '/usr/share/ubuntu:/usr/share/gnome:/usr/local/share/:/usr/share/:/var/lib/snapd/desktop'), ('PYTHONPATH', '/home/etri/ros2_ws/install/open_manipulator_bringup/lib/python3.10/site-packages:/home/etri/ros2_ws/build/open_manipulator_teleop:/home/etri/ros2_ws/install/open_manipulator_teleop/lib/python3.10/site-packages:/home/etri/ros2_ws/build/open_manipulator_bringup:/home/etri/ros2_ws/install/dynamixel_sdk/local/lib/python3.10/dist-packages:/home/etri/ros2_ws/install/dynamixel_interfaces/local/lib/python3.10/dist-packages:/home/etri/ws_ros2/install/service_interfaces/local/lib/python3.10/dist-packages:/opt/ros/humble/lib/python3.10/site-packages:/opt/ros/humble/local/lib/python3.10/dist-packages'), ('LC_NUMERIC', 'ko_KR.UTF-8'), ('LC_PAPER', 'ko_KR.UTF-8'), ('COLCON', '1'), ('_ZO_DOCTOR', '0'), ('CMAKE_PREFIX_PATH', '/home/etri/ros2_ws/install/dynamixel_hardware_interface:/home/etri/ros2_ws/install/open_manipulator_description:/home/etri/ros2_ws/install/dynamixel_sdk:/home/etri/ros2_ws/install/dynamixel_interfaces:/home/etri/ros2_ws/install/custom_panda_description:/home/etri/ros2_ws/install/open_manipulator_collision:/home/etri/ros2_ws/install/om_joint_trajectory_command_broadcaster:/home/etri/ws_ros2/install/inspire_hand:/home/etri/ws_ros2/install/service_interfaces:/home/etri/ros2_ws/install/open_manipulator_teleop:/home/etri/ros2_ws/install/open_manipulator_bringup:/opt/ros/humble'), ('VSCODE_PID', '5142')]), 'shell': False}
[8.272580] (panda_teleop_omy_l100) StdoutLine: {'line': b'-- Install configuration: ""\n'}
[8.272622] (panda_teleop_omy_l100) StdoutLine: {'line': b'-- Installing: /home/etri/ros2_ws/install/panda_teleop_omy_l100/share/panda_teleop_omy_l100/config\n'}
[8.272647] (panda_teleop_omy_l100) StdoutLine: {'line': b'-- Installing: /home/etri/ros2_ws/install/panda_teleop_omy_l100/share/panda_teleop_omy_l100/config/servo_config.yaml\n'}
[8.272669] (panda_teleop_omy_l100) StdoutLine: {'line': b'-- Installing: /home/etri/ros2_ws/install/panda_teleop_omy_l100/share/panda_teleop_omy_l100/config/kinematics.yaml\n'}
[8.272688] (panda_teleop_omy_l100) StdoutLine: {'line': b'-- Installing: /home/etri/ros2_ws/install/panda_teleop_omy_l100/share/panda_teleop_omy_l100/launch\n'}
[8.272739] (panda_teleop_omy_l100) StdoutLine: {'line': b'-- Installing: /home/etri/ros2_ws/install/panda_teleop_omy_l100/share/panda_teleop_omy_l100/launch/panda_teleop_omy_l100.launch.py\n'}
[8.272766] (panda_teleop_omy_l100) StdoutLine: {'line': b'-- Installing: /home/etri/ros2_ws/install/panda_teleop_omy_l100/lib/panda_teleop_omy_l100/trajectory_to_joint_states.py\n'}
[8.272835] (panda_teleop_omy_l100) StdoutLine: {'line': b'-- Installing: /home/etri/ros2_ws/install/panda_teleop_omy_l100/lib/panda_teleop_omy_l100/omy_l100_to_twist_node.py\n'}
[8.272862] (panda_teleop_omy_l100) StdoutLine: {'line': b'-- Installing: /home/etri/ros2_ws/install/panda_teleop_omy_l100/lib/panda_teleop_omy_l100/omy_l100_to_gripper_node.py\n'}
[8.272880] (panda_teleop_omy_l100) StdoutLine: {'line': b'-- Installing: /home/etri/ros2_ws/install/panda_teleop_omy_l100/share/ament_index/resource_index/package_run_dependencies/panda_teleop_omy_l100\n'}
[8.272898] (panda_teleop_omy_l100) StdoutLine: {'line': b'-- Installing: /home/etri/ros2_ws/install/panda_teleop_omy_l100/share/ament_index/resource_index/parent_prefix_path/panda_teleop_omy_l100\n'}
[8.272937] (panda_teleop_omy_l100) StdoutLine: {'line': b'-- Installing: /home/etri/ros2_ws/install/panda_teleop_omy_l100/share/panda_teleop_omy_l100/environment/ament_prefix_path.sh\n'}
[8.272999] (panda_teleop_omy_l100) StdoutLine: {'line': b'-- Installing: /home/etri/ros2_ws/install/panda_teleop_omy_l100/share/panda_teleop_omy_l100/environment/ament_prefix_path.dsv\n'}
[8.273043] (panda_teleop_omy_l100) StdoutLine: {'line': b'-- Installing: /home/etri/ros2_ws/install/panda_teleop_omy_l100/share/panda_teleop_omy_l100/environment/path.sh\n'}
[8.273062] (panda_teleop_omy_l100) StdoutLine: {'line': b'-- Installing: /home/etri/ros2_ws/install/panda_teleop_omy_l100/share/panda_teleop_omy_l100/environment/path.dsv\n'}
[8.273079] (panda_teleop_omy_l100) StdoutLine: {'line': b'-- Installing: /home/etri/ros2_ws/install/panda_teleop_omy_l100/share/panda_teleop_omy_l100/local_setup.bash\n'}
[8.273096] (panda_teleop_omy_l100) StdoutLine: {'line': b'-- Installing: /home/etri/ros2_ws/install/panda_teleop_omy_l100/share/panda_teleop_omy_l100/local_setup.sh\n'}
[8.273145] (panda_teleop_omy_l100) StdoutLine: {'line': b'-- Installing: /home/etri/ros2_ws/install/panda_teleop_omy_l100/share/panda_teleop_omy_l100/local_setup.zsh\n'}
[8.273195] (panda_teleop_omy_l100) StdoutLine: {'line': b'-- Installing: /home/etri/ros2_ws/install/panda_teleop_omy_l100/share/panda_teleop_omy_l100/local_setup.dsv\n'}
[8.273251] (panda_teleop_omy_l100) StdoutLine: {'line': b'-- Installing: /home/etri/ros2_ws/install/panda_teleop_omy_l100/share/panda_teleop_omy_l100/package.dsv\n'}
[8.273272] (panda_teleop_omy_l100) StdoutLine: {'line': b'-- Installing: /home/etri/ros2_ws/install/panda_teleop_omy_l100/share/ament_index/resource_index/packages/panda_teleop_omy_l100\n'}
[8.273290] (panda_teleop_omy_l100) StdoutLine: {'line': b'-- Installing: /home/etri/ros2_ws/install/panda_teleop_omy_l100/share/panda_teleop_omy_l100/cmake/panda_teleop_omy_l100Config.cmake\n'}
[8.273306] (panda_teleop_omy_l100) StdoutLine: {'line': b'-- Installing: /home/etri/ros2_ws/install/panda_teleop_omy_l100/share/panda_teleop_omy_l100/cmake/panda_teleop_omy_l100Config-version.cmake\n'}
[8.273323] (panda_teleop_omy_l100) StdoutLine: {'line': b'-- Installing: /home/etri/ros2_ws/install/panda_teleop_omy_l100/share/panda_teleop_omy_l100/package.xml\n'}
[8.275389] (panda_teleop_omy_l100) CommandEnded: {'returncode': 0}
[8.279822] (panda_teleop_omy_l100) JobEnded: {'identifier': 'panda_teleop_omy_l100', 'rc': 0}
[8.279962] (-) EventReactorShutdown: {}
